{
  "train_loss": [
    1.6620758008956908,
    1.4434461249669392,
    1.4255726229349772,
    1.3982722848892213,
    1.3459175134658814,
    1.1457459617614747,
    0.7384803321838379,
    0.5277043202718099,
    0.4154356162548065,
    0.35759058117866516
  ],
  "train_acc": [
    0.37446666666666667,
    0.3995916666666667,
    0.41341666666666665,
    0.43369166666666664,
    0.46442916666666667,
    0.5582291666666667,
    0.7150291666666667,
    0.7973791666666666,
    0.8466625,
    0.87275
  ],
  "train_carry_acc": [
    0.6601416666666666,
    0.6868,
    0.7031416666666667,
    0.7319583333333334,
    0.7763833333333333,
    0.8288333333333333,
    0.8936416666666667,
    0.9239833333333334,
    0.9356416666666667,
    0.9411666666666667
  ],
  "train_digit_acc": [
    0.08879166666666667,
    0.11238333333333334,
    0.12369166666666667,
    0.135425,
    0.152475,
    0.287625,
    0.5364166666666667,
    0.670775,
    0.7576833333333334,
    0.8043333333333333
  ],
  "val_loss": [
    1.4433457707087198,
    1.42923626759847,
    1.4294452899932861,
    1.3616235376358032,
    1.1866685337702434,
    0.6646735311190287,
    0.28939702404340106,
    0.174343070324262,
    0.1005665660738945,
    0.052343530132373174
  ],
  "val_acc": [
    0.3989333333333333,
    0.41173333333333334,
    0.41431666666666667,
    0.45526666666666665,
    0.5473166666666667,
    0.7610833333333333,
    0.8793833333333333,
    0.9472833333333334,
    0.9762666666666666,
    0.9913833333333333
  ],
  "val_carry_acc": [
    0.6871333333333334,
    0.6950666666666667,
    0.6901,
    0.763,
    0.8634333333333334,
    0.93,
    0.9697333333333333,
    0.9831333333333333,
    0.9838333333333333,
    0.9901666666666666
  ],
  "val_digit_acc": [
    0.11073333333333334,
    0.1284,
    0.13853333333333334,
    0.14753333333333332,
    0.2312,
    0.5921666666666666,
    0.7890333333333334,
    0.9114333333333333,
    0.9687,
    0.9926
  ]
}