{
  "train_loss": [
    1.5961149713516236,
    1.2316035992622376,
    0.6671658707936605,
    0.4375209400653839,
    0.2906762823899587,
    0.2001050067663193,
    0.14933064674933752,
    0.1174601553161939,
    0.09732916574080785,
    0.085532668586572
  ],
  "train_acc": [
    0.3667,
    0.5179708333333334,
    0.7326708333333334,
    0.8305583333333333,
    0.8928666666666667,
    0.9277208333333333,
    0.9466541666666667,
    0.9579791666666667,
    0.9646083333333333,
    0.9687416666666666
  ],
  "train_carry_acc": [
    0.6366666666666667,
    0.80725,
    0.9001083333333333,
    0.9211083333333333,
    0.9369,
    0.9485333333333333,
    0.9573083333333333,
    0.9624916666666666,
    0.966575,
    0.969075
  ],
  "train_digit_acc": [
    0.09673333333333334,
    0.22869166666666665,
    0.5652333333333334,
    0.7400083333333334,
    0.8488333333333333,
    0.9069083333333333,
    0.936,
    0.9534666666666667,
    0.9626416666666666,
    0.9684083333333333
  ],
  "val_loss": [
    1.4216348075230916,
    0.678032230981191,
    0.33509678460756936,
    0.1516648194551468,
    0.05951416390140851,
    0.027002706646919252,
    0.01240584595799446,
    0.006816308061033487,
    0.004652685174594323,
    0.0028054070010781287
  ],
  "val_acc": [
    0.42611666666666664,
    0.7612333333333333,
    0.91565,
    0.9798666666666667,
    0.99635,
    0.9992166666666666,
    0.9999,
    0.99985,
    0.9999833333333333,
    1.0
  ],
  "val_carry_acc": [
    0.7275333333333334,
    0.9288333333333333,
    0.9721666666666666,
    0.9863,
    0.9956,
    0.9987333333333334,
    0.9998,
    0.9997,
    0.9999666666666667,
    1.0
  ],
  "val_digit_acc": [
    0.1247,
    0.5936333333333333,
    0.8591333333333333,
    0.9734333333333334,
    0.9971,
    0.9997,
    1.0,
    1.0,
    1.0,
    1.0
  ]
}