{
  "train_loss": [
    1.324034010696411,
    1.1107912714004518,
    0.5043817964076995,
    0.2794511993646622,
    0.20647416517734526,
    0.16533887666066488,
    0.13444316745400428,
    0.11140242146551609,
    0.09344637425939242,
    0.08063153614054124
  ],
  "train_acc": [
    0.47780416666666664,
    0.5731291666666667,
    0.8074333333333333,
    0.8941083333333333,
    0.9222375,
    0.9375875,
    0.9489041666666667,
    0.9580541666666667,
    0.9654041666666666,
    0.9698
  ],
  "train_carry_acc": [
    0.8547333333333333,
    0.972,
    0.980575,
    0.986525,
    0.9895916666666666,
    0.9914583333333333,
    0.9921583333333334,
    0.9925333333333334,
    0.9941916666666667,
    0.994175
  ],
  "train_digit_acc": [
    0.100875,
    0.17425833333333332,
    0.6342916666666667,
    0.8016916666666667,
    0.8548833333333333,
    0.8837166666666667,
    0.90565,
    0.923575,
    0.9366166666666667,
    0.945425
  ],
  "val_loss": [
    1.17342545337677,
    0.641603634929657,
    0.09021467671394348,
    0.050160089613993965,
    0.0291839419066906,
    0.014549789382517338,
    0.014829275652269523,
    0.006829951141774654,
    0.0022505091849714517,
    0.005104588956510028
  ],
  "val_acc": [
    0.5452666666666667,
    0.7918166666666666,
    0.98915,
    0.9911166666666666,
    0.9935166666666667,
    0.9978166666666667,
    0.9962666666666666,
    0.9990666666666667,
    0.9999833333333333,
    0.9994166666666666
  ],
  "val_carry_acc": [
    0.9850333333333333,
    0.9988666666666667,
    1.0,
    0.9999666666666667,
    1.0,
    1.0,
    0.9985333333333334,
    1.0,
    1.0,
    1.0
  ],
  "val_digit_acc": [
    0.1055,
    0.5847666666666667,
    0.9783,
    0.9822666666666666,
    0.9870333333333333,
    0.9956333333333334,
    0.994,
    0.9981333333333333,
    0.9999666666666667,
    0.9988333333333334
  ]
}