{
  "train_loss": [
    1.4931410980860391,
    1.4228588385264078,
    1.3984285973866781,
    1.3708788239161174,
    1.3306579990386962,
    1.195271783065796,
    0.687388321463267,
    0.3839081098794937,
    0.28478376720746357,
    0.23161654033263523
  ],
  "train_acc": [
    0.3927833333333333,
    0.41689583333333335,
    0.4310333333333333,
    0.4468,
    0.4684333333333333,
    0.5331541666666667,
    0.7418666666666667,
    0.8593875,
    0.8996375,
    0.9217833333333333
  ],
  "train_carry_acc": [
    0.6794916666666667,
    0.7064833333333334,
    0.7202916666666667,
    0.74025,
    0.7655083333333333,
    0.8199416666666667,
    0.9172166666666667,
    0.9592833333333334,
    0.9705583333333333,
    0.9763
  ],
  "train_digit_acc": [
    0.106075,
    0.12730833333333333,
    0.141775,
    0.15335,
    0.17135833333333333,
    0.24636666666666668,
    0.5665166666666667,
    0.7594916666666667,
    0.8287166666666667,
    0.8672666666666666
  ],
  "val_loss": [
    1.4240552188237507,
    1.401671931521098,
    1.3630796559651692,
    1.3204239571253458,
    1.2348861125946045,
    0.7957237924893698,
    0.21762215101718901,
    0.12464863556226094,
    0.08662582401037217,
    0.04045986949801445
  ],
  "val_acc": [
    0.4134833333333333,
    0.4272,
    0.4493333333333333,
    0.4747166666666667,
    0.51005,
    0.7178333333333333,
    0.9220833333333334,
    0.9576666666666667,
    0.9652333333333334,
    0.9913166666666666
  ],
  "val_carry_acc": [
    0.7078333333333333,
    0.7163333333333334,
    0.7459333333333333,
    0.7797666666666667,
    0.8111333333333334,
    0.9029666666666667,
    0.9848,
    0.9916333333333334,
    0.9955666666666667,
    0.9985333333333334
  ],
  "val_digit_acc": [
    0.11913333333333333,
    0.13806666666666667,
    0.15273333333333333,
    0.16966666666666666,
    0.20896666666666666,
    0.5327,
    0.8593666666666666,
    0.9237,
    0.9349,
    0.9841
  ]
}