{
  "train_loss": [
    1.6810108763376872,
    1.1053022940953572,
    0.9143532969474792,
    0.8670137893358867,
    0.824224975935618,
    0.842334565671285,
    0.8094959265391032,
    0.7449921723683676,
    0.6967558469772339,
    0.662539600721995
  ],
  "train_acc": [
    0.4690138888888889,
    0.622675,
    0.6518462962962963,
    0.6604592592592593,
    0.6708935185185185,
    0.6709601851851852,
    0.6858453703703704,
    0.7076435185185185,
    0.7212212962962963,
    0.7359083333333334
  ],
  "train_carry_acc": [
    0.4033,
    0.5925666666666667,
    0.610075,
    0.6240666666666667,
    0.63995,
    0.6409,
    0.6294916666666667,
    0.6213833333333333,
    0.6217,
    0.621475
  ],
  "train_digit_acc": [
    0.025141666666666666,
    0.08309166666666666,
    0.09321666666666667,
    0.09561666666666667,
    0.09973333333333333,
    0.09415,
    0.09648333333333334,
    0.09725,
    0.09784166666666666,
    0.09949166666666667
  ],
  "val_loss": [
    1.094482261276245,
    0.8314157850901286,
    0.7900570190429688,
    0.8799190995216369,
    0.7650272849082946,
    0.7430548240025838,
    0.6657058677355449,
    0.607539602470398,
    0.5644041788419087,
    0.5153164206822713
  ],
  "val_acc": [
    0.6299296296296296,
    0.6726185185185185,
    0.6770333333333334,
    0.6548888888888889,
    0.6877333333333333,
    0.6960851851851851,
    0.7177074074074075,
    0.7400185185185185,
    0.752962962962963,
    0.7803148148148148
  ],
  "val_carry_acc": [
    0.6335666666666666,
    0.6371666666666667,
    0.6440333333333333,
    0.6506666666666666,
    0.6679,
    0.6699333333333334,
    0.6575333333333333,
    0.6577,
    0.6530666666666667,
    0.6574666666666666
  ],
  "val_digit_acc": [
    0.10213333333333334,
    0.09593333333333333,
    0.10096666666666666,
    0.09866666666666667,
    0.10013333333333334,
    0.1009,
    0.09786666666666667,
    0.1005,
    0.09906666666666666,
    0.09983333333333333
  ]
}