{
  "train_loss": [
    1.3727522426605225,
    1.2250720277150473,
    1.2070701576868692,
    1.2011783038457235,
    1.198000126139323,
    1.1959864080429077,
    1.1928421559651692,
    1.1913656133651733,
    1.192280671564738,
    1.1921596802393595
  ],
  "train_acc": [
    0.45025,
    0.514475,
    0.5202375,
    0.5228666666666667,
    0.5236916666666667,
    0.5255291666666667,
    0.5274708333333333,
    0.5267083333333333,
    0.5273791666666666,
    0.527125
  ],
  "train_carry_acc": [
    0.799825,
    0.9278333333333333,
    0.9399416666666667,
    0.9459583333333333,
    0.9478,
    0.9498333333333333,
    0.952425,
    0.9526333333333333,
    0.95205,
    0.9514583333333333
  ],
  "train_digit_acc": [
    0.100675,
    0.10111666666666666,
    0.10053333333333334,
    0.099775,
    0.09958333333333333,
    0.101225,
    0.10251666666666667,
    0.10078333333333334,
    0.10270833333333333,
    0.10279166666666667
  ],
  "val_loss": [
    1.188936756070455,
    1.1697745607376098,
    1.1620515703201293,
    1.159850372759501,
    1.1573061564127605,
    1.1562573366800943,
    1.1543004409154256,
    1.1520262694040935,
    1.1552044174194336,
    1.1554084268569946
  ],
  "val_acc": [
    0.5353833333333333,
    0.5470333333333334,
    0.5475166666666667,
    0.5490833333333334,
    0.5501833333333334,
    0.5500833333333334,
    0.54975,
    0.5538166666666666,
    0.54955,
    0.5496833333333333
  ],
  "val_carry_acc": [
    0.9711,
    0.9908333333333333,
    0.9953666666666666,
    0.9953,
    0.9964,
    0.998,
    1.0,
    0.9999333333333333,
    0.9967333333333334,
    0.9975
  ],
  "val_digit_acc": [
    0.09966666666666667,
    0.10323333333333333,
    0.09966666666666667,
    0.10286666666666666,
    0.10396666666666667,
    0.10216666666666667,
    0.0995,
    0.1077,
    0.10236666666666666,
    0.10186666666666666
  ]
}