{
  "train_loss": [
    0.8597405498504639,
    0.5743645215988159,
    0.4075176764647166,
    0.21067639844814937,
    0.15682948542634645,
    0.1329640025218328,
    0.1186166830778122,
    0.10908203823169073,
    0.1022450481235981,
    0.0988888516018788
  ],
  "train_acc": [
    0.6632625,
    0.7745895833333334,
    0.8462520833333333,
    0.924203125,
    0.9441697916666667,
    0.9535270833333334,
    0.9582208333333333,
    0.9611083333333333,
    0.9631645833333333,
    0.9641833333333333
  ],
  "train_carry_acc": [
    0.630725,
    0.7464666666666666,
    0.8649416666666667,
    0.9164166666666667,
    0.933225,
    0.9405416666666667,
    0.94625,
    0.9519333333333333,
    0.9559833333333333,
    0.958425
  ],
  "train_digit_acc": [
    0.1004,
    0.109125,
    0.20075833333333334,
    0.6030083333333334,
    0.7258083333333334,
    0.78935,
    0.8169416666666667,
    0.8305416666666666,
    0.8395,
    0.8418916666666667
  ],
  "val_loss": [
    0.6264918784777324,
    0.45385636734962465,
    0.15750887765089672,
    0.055361332495510576,
    0.021726146756857634,
    0.010834083544897536,
    0.005183422464101265,
    0.005763303643837571,
    0.004737263179849833,
    0.004055832030267144
  ],
  "val_acc": [
    0.7459166666666667,
    0.8206833333333333,
    0.9447458333333333,
    0.9806458333333333,
    0.9950375,
    0.997925,
    0.9997125,
    0.9993333333333333,
    0.9989375,
    0.99985
  ],
  "val_carry_acc": [
    0.6893666666666667,
    0.8747,
    0.9640333333333333,
    0.9777666666666667,
    0.9885333333333334,
    0.9902,
    0.9990666666666667,
    0.9986333333333334,
    0.9923666666666666,
    0.9991
  ],
  "val_digit_acc": [
    0.1204,
    0.12146666666666667,
    0.6481666666666667,
    0.8697,
    0.9717666666666667,
    0.9986333333333334,
    0.9991333333333333,
    0.9992,
    0.9995333333333334,
    0.9997
  ]
}