{
  "train_loss": [
    1.7081654995600382,
    1.4348023610432943,
    1.3123741050084432,
    1.1802899777730307,
    1.0266635364850363,
    0.8897042320569356,
    0.6442645729223887,
    0.3918717605908712,
    0.2887370623588562,
    0.21943314758141835
  ],
  "train_acc": [
    0.356925,
    0.410475,
    0.4855875,
    0.5513583333333333,
    0.6128458333333333,
    0.6742833333333333,
    0.7583166666666666,
    0.8548708333333334,
    0.9001916666666666,
    0.9261166666666667
  ],
  "train_carry_acc": [
    0.6271833333333333,
    0.7128,
    0.8540583333333334,
    0.9538583333333334,
    0.96665,
    0.9737333333333333,
    0.9787,
    0.9830083333333334,
    0.9875333333333334,
    0.990675
  ],
  "train_digit_acc": [
    0.08666666666666667,
    0.10815,
    0.11711666666666666,
    0.14885833333333334,
    0.25904166666666667,
    0.37483333333333335,
    0.5379333333333334,
    0.7267333333333333,
    0.81285,
    0.8615583333333333
  ],
  "val_loss": [
    1.4404120292663574,
    1.3816450849533082,
    1.1815313217163086,
    1.0594630239486695,
    0.8872938973744711,
    0.7401729878425598,
    0.28838284395535785,
    0.14109615472952525,
    0.07151545957724253,
    0.039565454932053885
  ],
  "val_acc": [
    0.40555,
    0.44545,
    0.5504666666666667,
    0.6049666666666667,
    0.6911166666666667,
    0.7344166666666667,
    0.9144833333333333,
    0.98025,
    0.9975333333333334,
    0.9996166666666667
  ],
  "val_carry_acc": [
    0.7023666666666667,
    0.7791,
    0.9687,
    0.9866,
    0.9902666666666666,
    0.9962666666666666,
    0.9987333333333334,
    0.9999666666666667,
    1.0,
    0.9997333333333334
  ],
  "val_digit_acc": [
    0.10873333333333333,
    0.1118,
    0.13223333333333334,
    0.22333333333333333,
    0.3919666666666667,
    0.4725666666666667,
    0.8302333333333334,
    0.9605333333333334,
    0.9950666666666667,
    0.9995
  ]
}