{
  "train_loss": [
    1.0244269964059194,
    0.3062762169321378,
    0.15038529953360558,
    0.09902307723164558,
    0.07367172767370939,
    0.05889570058931907,
    0.04819911006900172,
    0.04190405722533663,
    0.03818701930890481,
    0.03327477382620175
  ],
  "train_acc": [
    0.6090041666666667,
    0.8865625,
    0.946725,
    0.9656583333333333,
    0.9746416666666666,
    0.979875,
    0.9835291666666667,
    0.9855041666666666,
    0.9869041666666667,
    0.9887458333333333
  ],
  "train_carry_acc": [
    0.8998166666666667,
    0.9757083333333333,
    0.9867083333333333,
    0.9908416666666666,
    0.9935916666666667,
    0.9941416666666667,
    0.9951916666666667,
    0.9957083333333333,
    0.9958916666666666,
    0.9962916666666667
  ],
  "train_digit_acc": [
    0.31819166666666665,
    0.7974166666666667,
    0.9067416666666667,
    0.940475,
    0.9556916666666667,
    0.9656083333333333,
    0.9718666666666667,
    0.9753,
    0.9779166666666667,
    0.9812
  ],
  "val_loss": [
    0.2812217742760976,
    0.050070194921890895,
    0.010528099715709687,
    0.006260973591854175,
    0.0016602861780052383,
    0.0005958767315683266,
    0.0006621007089813551,
    0.0006515142614487558,
    0.0004624611485283822,
    0.00030533540935721246
  ],
  "val_acc": [
    0.9397833333333333,
    0.9907333333333334,
    0.9994833333333333,
    0.9998,
    1.0,
    1.0,
    1.0,
    1.0,
    1.0,
    1.0
  ],
  "val_carry_acc": [
    0.9939666666666667,
    0.9984333333333333,
    0.9999666666666667,
    0.9998666666666667,
    1.0,
    1.0,
    1.0,
    1.0,
    1.0,
    1.0
  ],
  "val_digit_acc": [
    0.8856,
    0.9830333333333333,
    0.999,
    0.9997333333333334,
    1.0,
    1.0,
    1.0,
    1.0,
    1.0,
    1.0
  ]
}