{
  "train_loss": [
    1.3457213321050008,
    0.9434513150215149,
    0.8139242022832235,
    0.7162093090057373,
    0.6599887532552083,
    0.5952032667636872,
    0.5529809542338053,
    0.4048896852016449,
    0.23023062578837078,
    0.2030134198586146
  ],
  "train_acc": [
    0.4634,
    0.6251083333333334,
    0.6842833333333334,
    0.7242666666666666,
    0.7464416666666667,
    0.7722541666666667,
    0.7890083333333333,
    0.8484583333333333,
    0.9166583333333334,
    0.9269625
  ],
  "train_carry_acc": [
    0.79385,
    0.913225,
    0.9381583333333333,
    0.9496333333333333,
    0.9586916666666667,
    0.9707583333333333,
    0.9752,
    0.9749083333333334,
    0.9771583333333334,
    0.9791916666666667
  ],
  "train_digit_acc": [
    0.13295,
    0.3369916666666667,
    0.43040833333333334,
    0.4989,
    0.5341916666666666,
    0.57375,
    0.6028166666666667,
    0.7220083333333334,
    0.8561583333333334,
    0.8747333333333334
  ],
  "val_loss": [
    0.8624460806846619,
    0.615545909913381,
    0.4990082189559937,
    0.44899713012377424,
    0.43735453186035156,
    0.4051638598283132,
    0.41112791895866396,
    0.023269853655497233,
    0.012321514020363489,
    0.0073025794118642805
  ],
  "val_acc": [
    0.6474166666666666,
    0.7548,
    0.8209166666666666,
    0.83665,
    0.8396666666666667,
    0.8467666666666667,
    0.8456666666666667,
    0.9988,
    0.9992833333333333,
    0.9996666666666667
  ],
  "val_carry_acc": [
    0.9543333333333334,
    0.9796,
    0.9853666666666666,
    0.9949333333333333,
    0.9971333333333333,
    0.9981333333333333,
    0.9996333333333334,
    0.9999333333333333,
    0.9991333333333333,
    1.0
  ],
  "val_digit_acc": [
    0.3405,
    0.53,
    0.6564666666666666,
    0.6783666666666667,
    0.6822,
    0.6954,
    0.6917,
    0.9976666666666667,
    0.9994333333333333,
    0.9993333333333333
  ]
}