{
  "train_loss": [
    1.333781320699056,
    0.33881386193235713,
    0.04981522585526109,
    0.028587290590442717,
    0.019988514888721207,
    0.01713518583723344,
    0.01655857579112053,
    0.012230091244789461,
    0.011330937842403849,
    0.009903081447716492
  ],
  "train_acc": [
    0.4697458333333333,
    0.8768833333333333,
    0.9845375,
    0.9911083333333334,
    0.9939708333333334,
    0.9946916666666666,
    0.9952375,
    0.9962833333333333,
    0.9964125,
    0.9968916666666666
  ],
  "train_carry_acc": [
    0.7977583333333333,
    0.9869333333333333,
    0.9957916666666666,
    0.9969083333333333,
    0.9974666666666666,
    0.9974083333333333,
    0.9979583333333333,
    0.9982583333333334,
    0.9980916666666667,
    0.9983916666666667
  ],
  "train_digit_acc": [
    0.14173333333333332,
    0.7668333333333334,
    0.9732833333333333,
    0.9853083333333333,
    0.990475,
    0.991975,
    0.9925166666666667,
    0.9943083333333333,
    0.9947333333333334,
    0.9953916666666667
  ],
  "val_loss": [
    0.832703757985433,
    0.0071625821625192964,
    0.0008533875371950368,
    0.0008637073107218991,
    0.00031849773599921415,
    3.8542514296326166e-05,
    0.00016732884002073356,
    0.00014663602919705833,
    0.0007936808088988376,
    4.2807517499507716e-05
  ],
  "val_acc": [
    0.705,
    0.9991666666666666,
    0.99995,
    0.99985,
    0.9999833333333333,
    1.0,
    0.9999833333333333,
    1.0,
    0.9998666666666667,
    1.0
  ],
  "val_carry_acc": [
    0.9932,
    1.0,
    1.0,
    1.0,
    1.0,
    1.0,
    1.0,
    1.0,
    1.0,
    1.0
  ],
  "val_digit_acc": [
    0.4168,
    0.9983333333333333,
    0.9999,
    0.9997,
    0.9999666666666667,
    1.0,
    0.9999666666666667,
    1.0,
    0.9997333333333334,
    1.0
  ]
}