{
  "train_loss": [
    0.8057025440533956,
    0.45756255922317507,
    0.3112805271625519,
    0.15138585397799809,
    0.051227250009278455,
    0.02711755127198994,
    0.019889416993781925,
    0.013757655074882011,
    0.016813204950870325,
    0.010891624194864804
  ],
  "train_acc": [
    0.6990125,
    0.8284010416666666,
    0.8844052083333334,
    0.94306875,
    0.983209375,
    0.9920708333333333,
    0.9943052083333334,
    0.9960145833333334,
    0.995459375,
    0.9968875
  ],
  "train_carry_acc": [
    0.7349666666666667,
    0.9147416666666667,
    0.9648,
    0.9805833333333334,
    0.988925,
    0.992475,
    0.9953916666666667,
    0.9966416666666666,
    0.9970583333333334,
    0.997675
  ],
  "train_digit_acc": [
    0.09779166666666667,
    0.10934166666666667,
    0.179325,
    0.5984083333333333,
    0.895025,
    0.9632416666666667,
    0.9759333333333333,
    0.9818583333333334,
    0.98515,
    0.9863083333333333
  ],
  "val_loss": [
    0.5209112014293671,
    0.2894611582914988,
    0.21375792083740233,
    0.022126080797364313,
    0.0008936393117842575,
    0.00017433090379539255,
    0.00010426954331148105,
    0.00022303693232436975,
    3.903752465363747e-05,
    5.153384146591027e-05
  ],
  "val_acc": [
    0.798375,
    0.8914375,
    0.9128958333333334,
    0.9957666666666667,
    0.9999875,
    0.9999958333333333,
    1.0,
    0.999975,
    1.0,
    1.0
  ],
  "val_carry_acc": [
    0.8789666666666667,
    0.9905,
    0.9999,
    1.0,
    1.0,
    1.0,
    1.0,
    1.0,
    1.0,
    1.0
  ],
  "val_digit_acc": [
    0.1034,
    0.1423,
    0.3033666666666667,
    0.9661333333333333,
    0.9999,
    0.9999666666666667,
    1.0,
    1.0,
    1.0,
    1.0
  ]
}