{
  "train_loss": [
    1.5640925250371298,
    0.9197513695398967,
    0.8308162751197815,
    0.8053821118036906,
    0.7365735845883687,
    0.6620167664210002,
    0.49461496850649517,
    0.38420847724278767,
    0.3323797493139903,
    0.33627983400026956
  ],
  "train_acc": [
    0.4948611111111111,
    0.653637962962963,
    0.6696120370370371,
    0.6780138888888889,
    0.7015370370370371,
    0.7334805555555556,
    0.8040462962962963,
    0.8511796296296297,
    0.8689509259259259,
    0.8689129629629629
  ],
  "train_carry_acc": [
    0.4254583333333333,
    0.6108833333333333,
    0.6381666666666667,
    0.6443833333333333,
    0.6487833333333334,
    0.647425,
    0.6685166666666666,
    0.7334333333333334,
    0.7797,
    0.7960666666666667
  ],
  "train_digit_acc": [
    0.03791666666666667,
    0.090125,
    0.09941666666666667,
    0.095675,
    0.09918333333333333,
    0.09706666666666666,
    0.097675,
    0.099125,
    0.09944166666666666,
    0.09894166666666666
  ],
  "val_loss": [
    0.8468053897221883,
    0.7789662647565206,
    0.7459481815020244,
    0.6954895220438639,
    0.6023409316380819,
    0.45224248776435855,
    0.33562982285817466,
    0.3018729159514109,
    0.3006598084449768,
    0.2902190124511719
  ],
  "val_acc": [
    0.6742888888888889,
    0.6794074074074075,
    0.6886555555555556,
    0.7068925925925926,
    0.7418333333333333,
    0.8106518518518518,
    0.8623037037037037,
    0.8786074074074074,
    0.8792148148148148,
    0.8838666666666667
  ],
  "val_carry_acc": [
    0.6283666666666666,
    0.6511,
    0.6671666666666667,
    0.6686666666666666,
    0.6706333333333333,
    0.6780333333333334,
    0.7115666666666667,
    0.8088333333333333,
    0.8176333333333333,
    0.8550333333333333
  ],
  "val_digit_acc": [
    0.102,
    0.1026,
    0.09983333333333333,
    0.099,
    0.10006666666666666,
    0.09846666666666666,
    0.0982,
    0.09866666666666667,
    0.09686666666666667,
    0.09976666666666667
  ]
}