{
  "train_loss": [
    1.337990672747294,
    0.7054789652347565,
    0.21430009733835856,
    0.0966267608344555,
    0.05805658720135689,
    0.03811492879390717,
    0.028372888048986595,
    0.020851286540925502,
    0.01809181414594253,
    0.014681170091032982
  ],
  "train_acc": [
    0.5042541666666667,
    0.7274708333333333,
    0.9220875,
    0.9673541666666666,
    0.9805041666666666,
    0.9877041666666667,
    0.9906958333333333,
    0.993525,
    0.9942666666666666,
    0.995125
  ],
  "train_carry_acc": [
    0.9048416666666667,
    0.9746333333333334,
    0.9889666666666667,
    0.9951333333333333,
    0.9972333333333333,
    0.9980166666666667,
    0.9984166666666666,
    0.99895,
    0.9989916666666666,
    0.9992833333333333
  ],
  "train_digit_acc": [
    0.10366666666666667,
    0.48030833333333334,
    0.8552083333333333,
    0.939575,
    0.963775,
    0.9773916666666667,
    0.982975,
    0.9881,
    0.9895416666666667,
    0.9909666666666667
  ],
  "val_loss": [
    1.1388077175776163,
    0.17319350198109945,
    0.02358362697859605,
    0.005264460689822833,
    0.0018740076831231514,
    0.0009115203961730003,
    0.0008540244144387544,
    0.0003387778884576013,
    0.00016102701439522208,
    0.00025047343500579394
  ],
  "val_acc": [
    0.5777333333333333,
    0.9702,
    0.9982,
    0.9998166666666667,
    0.9999833333333333,
    0.9999833333333333,
    0.9999833333333333,
    1.0,
    1.0,
    1.0
  ],
  "val_carry_acc": [
    0.9886333333333334,
    0.9987333333333334,
    0.9999333333333333,
    0.9999666666666667,
    1.0,
    1.0,
    1.0,
    1.0,
    1.0,
    1.0
  ],
  "val_digit_acc": [
    0.16683333333333333,
    0.9416666666666667,
    0.9964666666666666,
    0.9996666666666667,
    0.9999666666666667,
    0.9999666666666667,
    0.9999666666666667,
    1.0,
    1.0,
    1.0
  ]
}