{
  "train_loss": [
    1.6199368844985962,
    1.4331672439575196,
    1.4067613784154256,
    1.3669537950515747,
    1.2321614463488262,
    0.8006632124582926,
    0.3409161528587341,
    0.18647472424904504,
    0.06657135884563128,
    0.07315616649786631
  ],
  "train_acc": [
    0.3830125,
    0.40999166666666664,
    0.42612916666666667,
    0.45124583333333335,
    0.5245666666666666,
    0.7123625,
    0.8854416666666667,
    0.9423375,
    0.9810583333333334,
    0.9798916666666667
  ],
  "train_carry_acc": [
    0.67115,
    0.695025,
    0.7091916666666667,
    0.739975,
    0.8008916666666667,
    0.8872916666666667,
    0.9521666666666667,
    0.9708,
    0.9895083333333333,
    0.9884416666666667
  ],
  "train_digit_acc": [
    0.094875,
    0.12495833333333334,
    0.14306666666666668,
    0.16251666666666667,
    0.24824166666666667,
    0.5374333333333333,
    0.8187166666666666,
    0.913875,
    0.9726083333333333,
    0.9713416666666667
  ],
  "val_loss": [
    1.4363671562194824,
    1.400502088101705,
    1.3632503982543944,
    1.3429657334009806,
    0.9053421336174011,
    0.36161055766741435,
    0.045589229422807694,
    0.020697068786621094,
    0.0026210420223573842,
    0.06684685051639874
  ],
  "val_acc": [
    0.40528333333333333,
    0.43428333333333335,
    0.45521666666666666,
    0.4576,
    0.6767,
    0.8788166666666667,
    0.9923333333333333,
    0.9961333333333333,
    0.9999666666666667,
    0.9851
  ],
  "val_carry_acc": [
    0.6933,
    0.7249,
    0.7529,
    0.7316666666666667,
    0.8898666666666667,
    0.9393,
    0.9966666666666667,
    0.9962333333333333,
    0.9999666666666667,
    0.9817333333333333
  ],
  "val_digit_acc": [
    0.11726666666666667,
    0.14366666666666666,
    0.15753333333333333,
    0.18353333333333333,
    0.46353333333333335,
    0.8183333333333334,
    0.988,
    0.9960333333333333,
    0.9999666666666667,
    0.9884666666666667
  ]
}