{
  "train_loss": [
    1.382784051132202,
    0.7732330420811971,
    0.6470500014305115,
    0.43555620725949606,
    0.3514721767902374,
    0.2925161481221517,
    0.29529863494237263,
    0.24581237916151683,
    0.15144010429382324,
    0.07103482333024343
  ],
  "train_acc": [
    0.5200694444444445,
    0.6805324074074074,
    0.7326592592592592,
    0.8258814814814814,
    0.8686842592592593,
    0.8882037037037037,
    0.8884851851851852,
    0.9070685185185186,
    0.9518787037037038,
    0.9819833333333333
  ],
  "train_carry_acc": [
    0.47718333333333335,
    0.6494,
    0.6586083333333334,
    0.7370166666666667,
    0.8585,
    0.9286833333333333,
    0.95095,
    0.9642916666666667,
    0.962125,
    0.9840916666666667
  ],
  "train_digit_acc": [
    0.060425,
    0.09875,
    0.1003,
    0.09813333333333334,
    0.099575,
    0.100625,
    0.10206666666666667,
    0.23443333333333333,
    0.6860583333333333,
    0.88375
  ],
  "val_loss": [
    0.7503899474779765,
    0.7069482306480408,
    0.47143976070086163,
    0.3068727898756663,
    0.2751706527074178,
    0.2613182381470998,
    0.25934174739519755,
    0.08839871149857839,
    0.021597606548666954,
    0.011145238583038251
  ],
  "val_acc": [
    0.6843,
    0.7009777777777778,
    0.7969518518518518,
    0.8782444444444445,
    0.8925111111111111,
    0.8986666666666666,
    0.9001185185185185,
    0.9771074074074074,
    0.9990777777777777,
    0.9993
  ],
  "val_carry_acc": [
    0.6678666666666667,
    0.6583333333333333,
    0.7014333333333334,
    0.8481333333333333,
    0.9332666666666667,
    0.9876,
    0.9940666666666667,
    0.9945666666666667,
    0.9993666666666666,
    0.9972333333333333
  ],
  "val_digit_acc": [
    0.1008,
    0.1035,
    0.103,
    0.1011,
    0.10056666666666667,
    0.10043333333333333,
    0.107,
    0.8049666666666667,
    0.9929,
    0.9969
  ]
}