{
  "train_loss": [
    0.6159606889330214,
    0.16223875882298563,
    0.11053706520302249,
    0.09016841253746606,
    0.08022380859736716,
    0.07262951944731875,
    0.06718284610881921,
    0.06256340088171992,
    0.05899998857214223,
    0.05797854996276692
  ],
  "train_acc": [
    0.7785031714396138,
    0.9462484559598057,
    0.9636212763055192,
    0.970236967542949,
    0.9737570002803901,
    0.9762805113709562,
    0.9782470312748657,
    0.9797588644957903,
    0.9807402299198994,
    0.9814715176683667
  ],
  "train_carry_acc": [
    0.9196843715449741,
    0.9614400169627576,
    0.9684977357747588,
    0.9707771063352871,
    0.9736850076483863,
    0.9755705999060991,
    0.9770472685416572,
    0.9787586896269708,
    0.9791903312281339,
    0.9799475971950868
  ],
  "train_digit_acc": [
    0.63711854638112,
    0.931035005763514,
    0.9587377904507675,
    0.9696960504762483,
    0.9738290966450283,
    0.9769914457319663,
    0.9794485227203785,
    0.9807604804950555,
    0.9822923618273373,
    0.982997633925863
  ],
  "val_loss": [
    0.1172935226222883,
    0.05988985783909528,
    0.05371653197949331,
    0.05768590833902178,
    0.044841651950367926,
    0.04300296640238476,
    0.03993747406914537,
    0.03851493012008361,
    0.03803805791786625,
    0.03597220255505142
  ],
  "val_acc": [
    0.9655475292656702,
    0.9822512985931277,
    0.9827207608317053,
    0.9824178819681069,
    0.9860069965017492,
    0.9862795874789878,
    0.9876879741947209,
    0.9875971105356413,
    0.9877939817969803,
    0.9885511789559766
  ],
  "val_carry_acc": [
    0.9661119515885023,
    0.9735854765506808,
    0.9741906202723146,
    0.976822995461422,
    0.9807866868381241,
    0.9816036308623298,
    0.9826928895612708,
    0.9832072617246596,
    0.9830257186081695,
    0.984357034795764
  ],
  "val_digit_acc": [
    0.9649819604038444,
    0.9909347239487009,
    0.9912682290877118,
    0.9880241336446048,
    0.9912379104387109,
    0.9909650425977018,
    0.9926932055907589,
    0.9919958766637359,
    0.9925719309947548,
    0.9927538428887609
  ]
}