{
  "train_loss": [
    0.6044668990294139,
    0.17872551287561655,
    0.030200586824739972,
    0.02038292675310125,
    0.015969998189713806,
    0.009398106415981116,
    0.014954765719594434,
    0.0067364978956213845,
    0.008581622237269767,
    0.012224003881918421
  ],
  "train_acc": [
    0.7734395833333333,
    0.9356760416666666,
    0.9914614583333333,
    0.99434375,
    0.995625,
    0.9974645833333333,
    0.9959927083333333,
    0.998103125,
    0.9977083333333333,
    0.99676875
  ],
  "train_carry_acc": [
    0.8787583333333333,
    0.98765,
    0.9957916666666666,
    0.99565,
    0.9976833333333334,
    0.9983333333333333,
    0.9981916666666667,
    0.9982083333333334,
    0.9987333333333334,
    0.9981416666666667
  ],
  "train_digit_acc": [
    0.11835,
    0.6122916666666667,
    0.9676666666666667,
    0.9828416666666666,
    0.9884,
    0.99185,
    0.9910583333333334,
    0.9939666666666667,
    0.9942166666666666,
    0.994275
  ],
  "val_loss": [
    0.27591455537478127,
    0.004040618894683818,
    0.00018941237482552727,
    0.000238262832374312,
    0.0005362930605362635,
    6.952277951058931e-05,
    0.00015626291364897042,
    7.631770547595807e-05,
    6.26019541688341e-05,
    0.0001435487496375572
  ],
  "val_acc": [
    0.894575,
    0.9996708333333333,
    0.9999875,
    0.9999916666666666,
    0.9998416666666666,
    1.0,
    1.0,
    1.0,
    0.9999875,
    0.9999458333333333
  ],
  "val_carry_acc": [
    0.9997,
    0.9997333333333334,
    0.9999666666666667,
    1.0,
    0.9999333333333333,
    1.0,
    1.0,
    1.0,
    1.0,
    1.0
  ],
  "val_digit_acc": [
    0.22733333333333333,
    0.9998,
    0.9999333333333333,
    1.0,
    0.9988,
    1.0,
    1.0,
    1.0,
    0.9999,
    0.9995666666666667
  ]
}