{
  "train_loss": [
    1.6597047592798868,
    1.4227269374211629,
    1.3994195418675741,
    1.3766949297587077,
    1.3142260650634765,
    1.020476095231374,
    0.4688124944051107,
    0.16738858575820922,
    0.09919343711535136,
    0.15363548393249513
  ],
  "train_acc": [
    0.3843875,
    0.4154791666666667,
    0.4275833333333333,
    0.4396875,
    0.47630833333333333,
    0.6189541666666667,
    0.8403208333333333,
    0.9497625,
    0.9716416666666666,
    0.9572333333333334
  ],
  "train_carry_acc": [
    0.672625,
    0.6918416666666667,
    0.699125,
    0.7115666666666667,
    0.7430083333333334,
    0.824,
    0.9230333333333334,
    0.9722416666666667,
    0.9852,
    0.974325
  ],
  "train_digit_acc": [
    0.09615,
    0.13911666666666667,
    0.15604166666666666,
    0.16780833333333334,
    0.20960833333333334,
    0.4139083333333333,
    0.7576083333333333,
    0.9272833333333333,
    0.9580833333333333,
    0.9401416666666667
  ],
  "val_loss": [
    1.4256332439422608,
    1.393464525794983,
    1.398744283103943,
    1.361911344909668,
    1.1611890005747478,
    0.7528370175361633,
    0.120174966832002,
    0.04448657674789429,
    0.0054668918167551355,
    0.026129078549146652
  ],
  "val_acc": [
    0.41183333333333333,
    0.43143333333333334,
    0.4232666666666667,
    0.44215,
    0.5522,
    0.7275,
    0.9625,
    0.9863666666666666,
    0.99935,
    0.9935333333333334
  ],
  "val_carry_acc": [
    0.6895,
    0.7078666666666666,
    0.6853333333333333,
    0.7079666666666666,
    0.7995333333333333,
    0.8763333333333333,
    0.9849333333333333,
    0.9971,
    0.9997,
    0.9960333333333333
  ],
  "val_digit_acc": [
    0.13416666666666666,
    0.155,
    0.1612,
    0.17633333333333334,
    0.3048666666666667,
    0.5786666666666667,
    0.9400666666666667,
    0.9756333333333334,
    0.999,
    0.9910333333333333
  ]
}