{
  "train_loss": [
    1.5005408512751262,
    1.4325487915039063,
    1.4095662292480469,
    1.3906423130035401,
    1.3589769751230876,
    1.3260933415730793,
    1.2665126903533936,
    1.2126628942489623,
    1.1769040809313456,
    0.9527634094556172
  ],
  "train_acc": [
    0.3922791666666667,
    0.4089375,
    0.42125,
    0.4319208333333333,
    0.44805416666666664,
    0.46620833333333334,
    0.49015,
    0.5094791666666667,
    0.5224916666666667,
    0.6329458333333333
  ],
  "train_carry_acc": [
    0.6766583333333334,
    0.68895,
    0.6983583333333333,
    0.7097916666666667,
    0.7271416666666667,
    0.745225,
    0.7658166666666667,
    0.7766083333333333,
    0.7839583333333333,
    0.8428583333333334
  ],
  "train_digit_acc": [
    0.1079,
    0.128925,
    0.14414166666666667,
    0.15405,
    0.16896666666666665,
    0.18719166666666667,
    0.21448333333333333,
    0.24235,
    0.261025,
    0.4230333333333333
  ],
  "val_loss": [
    1.4308902636845906,
    1.4147586314519247,
    1.4152296337763468,
    1.3702226351420084,
    1.3560241367975872,
    1.2559002330144247,
    1.1623228918711344,
    1.1047331261316935,
    1.1412562524795533,
    0.5968128371238709
  ],
  "val_acc": [
    0.40978333333333333,
    0.41281666666666667,
    0.4048,
    0.43915,
    0.44221666666666665,
    0.4946333333333333,
    0.52135,
    0.5416,
    0.5405,
    0.7870666666666667
  ],
  "val_carry_acc": [
    0.7002666666666667,
    0.6847666666666666,
    0.6633666666666667,
    0.7163,
    0.7141,
    0.7758,
    0.7801,
    0.8010666666666667,
    0.8003,
    0.9044666666666666
  ],
  "val_digit_acc": [
    0.1193,
    0.14086666666666667,
    0.14623333333333333,
    0.162,
    0.17033333333333334,
    0.21346666666666667,
    0.2626,
    0.28213333333333335,
    0.2807,
    0.6696666666666666
  ]
}