{
  "train_loss": [
    1.5154652170817058,
    1.4427703167597452,
    1.4268276557922364,
    1.4155087521235148,
    1.4066550237019857,
    1.391368132019043,
    1.382564023399353,
    1.3759349622090657,
    1.137049100112915,
    0.9229227640469869
  ],
  "train_acc": [
    0.38214166666666666,
    0.4016125,
    0.411725,
    0.42104583333333334,
    0.427575,
    0.43651666666666666,
    0.4408125,
    0.4448958333333333,
    0.5678166666666666,
    0.6436125
  ],
  "train_carry_acc": [
    0.6622,
    0.6867333333333333,
    0.696975,
    0.7053,
    0.7127916666666667,
    0.7195,
    0.7245583333333333,
    0.72455,
    0.8117166666666666,
    0.8496583333333333
  ],
  "train_digit_acc": [
    0.10208333333333333,
    0.11649166666666666,
    0.126475,
    0.13679166666666667,
    0.14235833333333334,
    0.15353333333333333,
    0.15706666666666666,
    0.16524166666666668,
    0.3239166666666667,
    0.43756666666666666
  ],
  "val_loss": [
    1.4336771702448527,
    1.4155555548985799,
    1.3997415255228678,
    1.3913756729125977,
    1.3730022292455037,
    1.3552033465703328,
    1.3387358365376791,
    1.2977437258402507,
    0.783072795899709,
    0.6892412685076396
  ],
  "val_acc": [
    0.40555,
    0.42301666666666665,
    0.43028333333333335,
    0.437,
    0.4453666666666667,
    0.45698333333333335,
    0.4657833333333333,
    0.4858166666666667,
    0.7042833333333334,
    0.7238166666666667
  ],
  "val_carry_acc": [
    0.6967,
    0.7137666666666667,
    0.7184333333333334,
    0.7302333333333333,
    0.7369333333333333,
    0.7458,
    0.7581666666666667,
    0.7725,
    0.8792333333333333,
    0.8870666666666667
  ],
  "val_digit_acc": [
    0.1144,
    0.13226666666666667,
    0.14213333333333333,
    0.14376666666666665,
    0.1538,
    0.16816666666666666,
    0.1734,
    0.19913333333333333,
    0.5293333333333333,
    0.5605666666666667
  ]
}