{
  "train_loss": [
    1.3568235068003336,
    0.5681991241057713,
    0.12477357457081477,
    0.05603804140885671,
    0.033101043075323106,
    0.02454029349734386,
    0.0208367391427358,
    0.016064752735445897,
    0.011372633391122024,
    0.010003683790378273
  ],
  "train_acc": [
    0.46979583333333336,
    0.7866833333333333,
    0.9586458333333333,
    0.9824791666666667,
    0.9896666666666667,
    0.9922291666666667,
    0.9933958333333334,
    0.994925,
    0.996475,
    0.99675
  ],
  "train_carry_acc": [
    0.8242083333333333,
    0.9751416666666667,
    0.9954916666666667,
    0.9978666666666667,
    0.9985916666666667,
    0.9988416666666666,
    0.9989416666666666,
    0.9992,
    0.9993166666666666,
    0.9995916666666667
  ],
  "train_digit_acc": [
    0.11538333333333334,
    0.598225,
    0.9218,
    0.9670916666666667,
    0.9807416666666666,
    0.9856166666666667,
    0.98785,
    0.99065,
    0.9936333333333334,
    0.9939083333333333
  ],
  "val_loss": [
    1.1010926860173544,
    0.049761197859048846,
    0.004964371957878272,
    0.001964320472131173,
    0.0006016347974538804,
    0.0006562790341985722,
    0.00024397365347637485,
    0.00041981982081197203,
    0.0002642852184828371,
    0.0002487113044752429
  ],
  "val_acc": [
    0.5936833333333333,
    0.9945,
    1.0,
    0.9999166666666667,
    1.0,
    1.0,
    1.0,
    1.0,
    1.0,
    1.0
  ],
  "val_carry_acc": [
    0.9799,
    0.9997333333333334,
    1.0,
    1.0,
    1.0,
    1.0,
    1.0,
    1.0,
    1.0,
    1.0
  ],
  "val_digit_acc": [
    0.20746666666666666,
    0.9892666666666666,
    1.0,
    0.9998333333333334,
    1.0,
    1.0,
    1.0,
    1.0,
    1.0,
    1.0
  ]
}