{
  "train_loss": [
    0.7856987638274828,
    0.06559736913045247,
    0.0415774790490667,
    0.02894374863874788,
    0.025963077775513134,
    0.019546045852499083,
    0.01949918076545,
    0.017761679311461435,
    0.013937096948036925,
    0.014532042610816037
  ],
  "train_acc": [
    0.6962791666666667,
    0.9783666666666667,
    0.9868625,
    0.9909083333333333,
    0.9919291666666666,
    0.9940083333333334,
    0.994025,
    0.9948625,
    0.9959,
    0.9957791666666667
  ],
  "train_carry_acc": [
    0.9508833333333333,
    0.9960333333333333,
    0.9974416666666667,
    0.998175,
    0.9984916666666667,
    0.9986833333333334,
    0.998825,
    0.9988833333333333,
    0.9992166666666666,
    0.9991083333333334
  ],
  "train_digit_acc": [
    0.441675,
    0.9607,
    0.9762833333333333,
    0.9836416666666666,
    0.9853666666666666,
    0.9893333333333333,
    0.989225,
    0.9908416666666666,
    0.9925833333333334,
    0.99245
  ],
  "val_loss": [
    0.03307671106855074,
    0.004572256108435492,
    0.0006788015824742616,
    0.010793706618870299,
    0.0006198991480904321,
    0.0022347859306571386,
    0.00333176930549865,
    0.0006645237478466394,
    0.16478065484476587,
    0.0005567311227864896
  ],
  "val_acc": [
    0.9961166666666667,
    0.9992333333333333,
    1.0,
    0.9962,
    1.0,
    0.9993333333333333,
    0.9985666666666667,
    0.9999666666666667,
    0.96655,
    0.99995
  ],
  "val_carry_acc": [
    0.9994333333333333,
    0.9996666666666667,
    1.0,
    0.9997666666666667,
    1.0,
    1.0,
    1.0,
    1.0,
    0.9691333333333333,
    1.0
  ],
  "val_digit_acc": [
    0.9928,
    0.9988,
    1.0,
    0.9926333333333334,
    1.0,
    0.9986666666666667,
    0.9971333333333333,
    0.9999333333333333,
    0.9639666666666666,
    0.9999
  ]
}