{
  "train_loss": [
    1.4250537974675497,
    1.1731273301442464,
    1.0690998295466105,
    1.0019944486935934,
    0.8219853608131409,
    0.6866064010302225,
    0.6435736415068308,
    0.6213016045570373,
    0.6050540302276611,
    0.5930114051977793
  ],
  "train_acc": [
    0.4265833333333333,
    0.5397666666666666,
    0.5733666666666667,
    0.6027458333333333,
    0.6705833333333333,
    0.7241583333333333,
    0.7416541666666666,
    0.7516375,
    0.7568458333333333,
    0.7609791666666667
  ],
  "train_carry_acc": [
    0.7465333333333334,
    0.9197166666666666,
    0.9246916666666667,
    0.9277333333333333,
    0.9303416666666666,
    0.934525,
    0.9369583333333333,
    0.9393333333333334,
    0.939825,
    0.9414083333333333
  ],
  "train_digit_acc": [
    0.10663333333333333,
    0.15981666666666666,
    0.22204166666666666,
    0.27775833333333333,
    0.410825,
    0.5137916666666666,
    0.54635,
    0.5639416666666667,
    0.5738666666666666,
    0.58055
  ],
  "val_loss": [
    1.253194917488098,
    1.0197693555831908,
    0.9657729732513428,
    0.8809698294321696,
    0.5419962602297465,
    0.4783176999409994,
    0.455962601963679,
    0.43620831443468727,
    0.42970540897051496,
    0.42055937781333924
  ],
  "val_acc": [
    0.5289666666666667,
    0.6108,
    0.5962166666666666,
    0.6413833333333333,
    0.7884833333333333,
    0.82135,
    0.8313,
    0.8365666666666667,
    0.8341333333333333,
    0.8413
  ],
  "val_carry_acc": [
    0.9568333333333333,
    0.9721,
    0.9739,
    0.9815333333333334,
    0.9817,
    0.9872,
    0.9884666666666667,
    0.9883,
    0.9861666666666666,
    0.9912666666666666
  ],
  "val_digit_acc": [
    0.1011,
    0.2495,
    0.21853333333333333,
    0.30123333333333335,
    0.5952666666666667,
    0.6555,
    0.6741333333333334,
    0.6848333333333333,
    0.6821,
    0.6913333333333334
  ]
}