{
  "train_loss": [
    1.4853331542332968,
    1.413535320599874,
    1.3603092290242513,
    1.271504227701823,
    1.1914854732195537,
    1.1427665790557862,
    0.6703955379565557,
    0.20777037429312864,
    0.1215193874826034,
    0.09233180786445737
  ],
  "train_acc": [
    0.39512916666666664,
    0.42004166666666665,
    0.452175,
    0.4886083333333333,
    0.5162291666666666,
    0.5403166666666667,
    0.754125,
    0.9335,
    0.9641666666666666,
    0.97395
  ],
  "train_carry_acc": [
    0.6808833333333333,
    0.703075,
    0.7401083333333334,
    0.7719916666666666,
    0.789425,
    0.8038666666666666,
    0.9057833333333334,
    0.97335,
    0.9834416666666667,
    0.9877416666666666
  ],
  "train_digit_acc": [
    0.109375,
    0.13700833333333334,
    0.16424166666666667,
    0.205225,
    0.24303333333333332,
    0.27676666666666666,
    0.6024666666666667,
    0.89365,
    0.9448916666666667,
    0.9601583333333333
  ],
  "val_loss": [
    1.4205743436813354,
    1.3720613374710082,
    1.3135228607177734,
    1.1548695470809935,
    1.0826687760035196,
    0.9531587410926818,
    0.08703392179409662,
    0.009965311425675949,
    0.006014291607961059,
    0.0020485182056203485
  ],
  "val_acc": [
    0.41373333333333334,
    0.44538333333333335,
    0.46878333333333333,
    0.5291,
    0.5602166666666667,
    0.63555,
    0.9790666666666666,
    0.9981166666666667,
    0.9988333333333334,
    0.9998666666666667
  ],
  "val_carry_acc": [
    0.6982333333333334,
    0.7348666666666667,
    0.751,
    0.7932666666666667,
    0.8104,
    0.8618333333333333,
    0.9910333333333333,
    0.9989,
    0.9999666666666667,
    1.0
  ],
  "val_digit_acc": [
    0.12923333333333334,
    0.1559,
    0.18656666666666666,
    0.26493333333333335,
    0.3100333333333333,
    0.40926666666666667,
    0.9671,
    0.9973333333333333,
    0.9977,
    0.9997333333333334
  ]
}