{
  "train_loss": [
    1.7239502210617066,
    1.455229556274414,
    1.4442611007054647,
    1.4356914223353068,
    1.4210202781677246,
    1.3854030820210774,
    1.3256895830154418,
    1.229337696393331,
    1.0763366556803386,
    0.8773893390655517
  ],
  "train_acc": [
    0.367825,
    0.39540416666666667,
    0.39829166666666665,
    0.40439583333333334,
    0.4161875,
    0.4433625,
    0.47912916666666666,
    0.5230166666666667,
    0.5825458333333333,
    0.6568416666666667
  ],
  "train_carry_acc": [
    0.6469583333333333,
    0.685075,
    0.6891333333333334,
    0.6967583333333334,
    0.7156333333333333,
    0.7647,
    0.8216083333333334,
    0.8678083333333333,
    0.910775,
    0.9336666666666666
  ],
  "train_digit_acc": [
    0.08869166666666667,
    0.10573333333333333,
    0.10745,
    0.11203333333333333,
    0.11674166666666666,
    0.122025,
    0.13665,
    0.178225,
    0.2543166666666667,
    0.38001666666666667
  ],
  "val_loss": [
    1.4508216444651285,
    1.436843497021993,
    1.429157370821635,
    1.4196985967636109,
    1.3829422040939332,
    1.32777207253774,
    1.2002357346852621,
    0.9931652090390524,
    0.7262239015261333,
    0.5054945367336273
  ],
  "val_acc": [
    0.39903333333333335,
    0.4031166666666667,
    0.41095,
    0.4162166666666667,
    0.444,
    0.4798,
    0.5462,
    0.6301,
    0.7374666666666667,
    0.8335166666666667
  ],
  "val_carry_acc": [
    0.6904666666666667,
    0.6939333333333333,
    0.7032333333333334,
    0.7189333333333333,
    0.7668666666666667,
    0.8261,
    0.9152,
    0.9477,
    0.9727666666666667,
    0.9776333333333334
  ],
  "val_digit_acc": [
    0.1076,
    0.1123,
    0.11866666666666667,
    0.1135,
    0.12113333333333333,
    0.1335,
    0.1772,
    0.3125,
    0.5021666666666667,
    0.6894
  ]
}