{
  "train_loss": [
    0.7019875334421793,
    0.287860820432504,
    0.06347590963629385,
    0.033530516394103566,
    0.02355349445277825,
    0.026204305264043312,
    0.019678156304111082,
    0.023197915053693577,
    0.015829610798399275,
    0.011642148653363498
  ],
  "train_acc": [
    0.7394645833333333,
    0.895796875,
    0.9806333333333334,
    0.9904135416666666,
    0.9930916666666667,
    0.9925885416666667,
    0.9943916666666667,
    0.993509375,
    0.9955958333333333,
    0.99660625
  ],
  "train_carry_acc": [
    0.8100166666666667,
    0.9613416666666666,
    0.98375,
    0.9908333333333333,
    0.9939083333333333,
    0.9958416666666666,
    0.995975,
    0.99605,
    0.998075,
    0.9979833333333333
  ],
  "train_digit_acc": [
    0.10958333333333334,
    0.45760833333333334,
    0.916375,
    0.970325,
    0.9779083333333334,
    0.9816083333333333,
    0.9845583333333333,
    0.9860166666666667,
    0.9901166666666666,
    0.9893333333333333
  ],
  "val_loss": [
    0.3351600409030914,
    0.025054649067421754,
    0.000891066752669091,
    0.0007031269864489635,
    0.00016225415345009727,
    0.00023901905585856488,
    9.797739571464869e-05,
    0.0002524749344525238,
    8.664780787657946e-05,
    0.00026609590814526504
  ],
  "val_acc": [
    0.8790875,
    0.9957041666666666,
    0.9999625,
    0.9998958333333333,
    0.9999916666666666,
    1.0,
    0.9999958333333333,
    0.9999625,
    1.0,
    0.9999333333333333
  ],
  "val_carry_acc": [
    0.9954,
    0.9997666666666667,
    1.0,
    0.9999333333333333,
    1.0,
    1.0,
    1.0,
    1.0,
    1.0,
    1.0
  ],
  "val_digit_acc": [
    0.15776666666666667,
    0.9720333333333333,
    0.9997,
    0.9992333333333333,
    0.9999333333333333,
    1.0,
    0.9999666666666667,
    0.9997,
    1.0,
    1.0
  ]
}