{
  "train_loss": [
    0.8265142967065175,
    0.1399413703193267,
    0.05218197754956782,
    0.030863493273841837,
    0.02154789043981582,
    0.016383785149579246,
    0.014788227128765236,
    0.011187593173794448,
    0.011308053847309202,
    0.009886961710064982
  ],
  "train_acc": [
    0.6756,
    0.9499041666666667,
    0.9821625,
    0.9894916666666667,
    0.99255,
    0.9944791666666667,
    0.9950875,
    0.9962333333333333,
    0.9962208333333333,
    0.9967791666666667
  ],
  "train_carry_acc": [
    0.9338583333333333,
    0.9932166666666666,
    0.9973333333333333,
    0.9985166666666667,
    0.9987,
    0.9989,
    0.99915,
    0.9993916666666667,
    0.9993916666666667,
    0.9993583333333333
  ],
  "train_digit_acc": [
    0.41734166666666667,
    0.9065916666666667,
    0.9669916666666667,
    0.9804666666666667,
    0.9864,
    0.9900583333333334,
    0.991025,
    0.993075,
    0.99305,
    0.9942
  ],
  "val_loss": [
    0.13023066613674164,
    0.006594809387127558,
    0.0015764772699524959,
    0.0014665357942692935,
    0.00018758886460370073,
    0.00012093265499764433,
    0.00013329254668594027,
    0.00031645783827795337,
    0.00030191488768129297,
    7.513670669092486e-05
  ],
  "val_acc": [
    0.974,
    0.9993333333333333,
    1.0,
    0.9999,
    1.0,
    1.0,
    1.0,
    1.0,
    0.9999666666666667,
    1.0
  ],
  "val_carry_acc": [
    0.9993,
    1.0,
    1.0,
    1.0,
    1.0,
    1.0,
    1.0,
    1.0,
    1.0,
    1.0
  ],
  "val_digit_acc": [
    0.9487,
    0.9986666666666667,
    1.0,
    0.9998,
    1.0,
    1.0,
    1.0,
    1.0,
    0.9999333333333333,
    1.0
  ]
}