{
  "train_loss": [
    1.6820697852452595,
    1.5098274904251099,
    1.4940490061442058,
    1.4795298837661743,
    1.4572651981989542,
    1.4383891690572104,
    1.4129828185399373,
    1.3582895246505737,
    1.313161470603943,
    1.283573833401998
  ],
  "train_acc": [
    0.3030875,
    0.3172083333333333,
    0.34737083333333335,
    0.36819583333333333,
    0.38985416666666667,
    0.40237083333333334,
    0.41875833333333334,
    0.45585416666666667,
    0.48063333333333336,
    0.494875
  ],
  "train_carry_acc": [
    0.5124333333333333,
    0.5343583333333334,
    0.5939416666666667,
    0.6334,
    0.6775416666666667,
    0.7021416666666667,
    0.7334833333333334,
    0.80845,
    0.86025,
    0.8899166666666667
  ],
  "train_digit_acc": [
    0.09374166666666667,
    0.10005833333333333,
    0.1008,
    0.10299166666666666,
    0.10216666666666667,
    0.1026,
    0.10403333333333334,
    0.10325833333333333,
    0.10101666666666667,
    0.09983333333333333
  ],
  "val_loss": [
    1.506584711710612,
    1.4907017766952515,
    1.476224773724874,
    1.4558881465911866,
    1.4315323238372804,
    1.409329290008545,
    1.3595296443303426,
    1.2893141357421876,
    1.242604214477539,
    1.22202988503774
  ],
  "val_acc": [
    0.3129166666666667,
    0.34991666666666665,
    0.3737333333333333,
    0.38711666666666666,
    0.40513333333333335,
    0.42085,
    0.4536,
    0.49525,
    0.5126,
    0.5232166666666667
  ],
  "val_carry_acc": [
    0.5246666666666666,
    0.5995333333333334,
    0.6411,
    0.6708333333333333,
    0.7054666666666667,
    0.7363333333333333,
    0.8013,
    0.8868333333333334,
    0.9257666666666666,
    0.946
  ],
  "val_digit_acc": [
    0.10116666666666667,
    0.1003,
    0.10636666666666666,
    0.1034,
    0.1048,
    0.10536666666666666,
    0.1059,
    0.10366666666666667,
    0.09943333333333333,
    0.10043333333333333
  ]
}