{
  "train_loss": [
    1.6480235768636067,
    1.4485917528788248,
    1.4146396399815877,
    1.2877517234802247,
    1.2416683251698812,
    1.2296196643193562,
    1.2208559368133545,
    1.2168994738260905,
    1.211158905728658,
    1.2103496758143106
  ],
  "train_acc": [
    0.36477916666666665,
    0.39866666666666667,
    0.42089166666666666,
    0.49095,
    0.5118458333333333,
    0.5147958333333333,
    0.5183,
    0.5187666666666667,
    0.5220291666666667,
    0.5218083333333333
  ],
  "train_carry_acc": [
    0.6390416666666666,
    0.6965416666666666,
    0.7406166666666667,
    0.8815916666666667,
    0.9213916666666667,
    0.9292083333333333,
    0.9355833333333333,
    0.9367916666666667,
    0.94205,
    0.9418
  ],
  "train_digit_acc": [
    0.09051666666666666,
    0.10079166666666667,
    0.10116666666666667,
    0.10030833333333333,
    0.1023,
    0.10038333333333334,
    0.10101666666666667,
    0.10074166666666666,
    0.10200833333333334,
    0.10181666666666667
  ],
  "val_loss": [
    1.4447341481526692,
    1.419179388109843,
    1.3155802277882893,
    1.1977475797017416,
    1.185189474360148,
    1.178838180732727,
    1.1758466591517132,
    1.171623542658488,
    1.1696563088734944,
    1.1713018964767457
  ],
  "val_acc": [
    0.40053333333333335,
    0.41473333333333334,
    0.47868333333333335,
    0.5349,
    0.5377833333333333,
    0.5389333333333334,
    0.54165,
    0.5440166666666667,
    0.5436166666666666,
    0.5439666666666667
  ],
  "val_carry_acc": [
    0.6989666666666666,
    0.7294333333333334,
    0.8562,
    0.9681666666666666,
    0.9773333333333334,
    0.9794333333333334,
    0.9825666666666667,
    0.9838666666666667,
    0.9847333333333333,
    0.9846333333333334
  ],
  "val_digit_acc": [
    0.1021,
    0.10003333333333334,
    0.10116666666666667,
    0.10163333333333334,
    0.09823333333333334,
    0.09843333333333333,
    0.10073333333333333,
    0.10416666666666667,
    0.1025,
    0.1033
  ]
}