{
  "train_loss": [
    1.468156964747111,
    0.8111478808085124,
    0.7349997465133667,
    0.46986254320144655,
    0.41958051153818765,
    0.30971332613627117,
    0.2957655770142873,
    0.22183862175544103,
    0.09282144999603431,
    0.0852087389950951
  ],
  "train_acc": [
    0.4862,
    0.6660333333333334,
    0.7004870370370371,
    0.8145768518518518,
    0.846975,
    0.88205,
    0.888287037037037,
    0.9231055555555555,
    0.9730953703703704,
    0.9759194444444445
  ],
  "train_carry_acc": [
    0.4541,
    0.6415166666666666,
    0.6499833333333334,
    0.7615333333333333,
    0.8601583333333334,
    0.9190333333333334,
    0.9387583333333334,
    0.9263666666666667,
    0.9619166666666666,
    0.9652
  ],
  "train_digit_acc": [
    0.05500833333333333,
    0.09813333333333334,
    0.09843333333333333,
    0.09965,
    0.09520833333333334,
    0.10099166666666666,
    0.11905,
    0.5204916666666667,
    0.8549583333333334,
    0.907575
  ],
  "val_loss": [
    0.7531582274436951,
    0.7284929360389709,
    0.555195009358724,
    0.40280454489390055,
    0.3600767616589864,
    0.2661411077817281,
    0.2480738617181778,
    0.02016721096386512,
    0.2106471354484558,
    0.02422458299373587
  ],
  "val_acc": [
    0.6760814814814815,
    0.684262962962963,
    0.770337037037037,
    0.8531555555555556,
    0.8675444444444445,
    0.8963074074074074,
    0.9080333333333334,
    0.9970740740740741,
    0.9458074074074074,
    0.9919888888888889
  ],
  "val_carry_acc": [
    0.6378666666666667,
    0.6606,
    0.6726333333333333,
    0.8677666666666667,
    0.8998666666666667,
    0.9763,
    0.9819333333333333,
    0.9974666666666666,
    0.9292666666666667,
    0.9899666666666667
  ],
  "val_digit_acc": [
    0.0983,
    0.1051,
    0.1055,
    0.09903333333333333,
    0.10003333333333334,
    0.0993,
    0.2028,
    0.9784,
    0.7898666666666667,
    0.9379333333333333
  ]
}