{
  "train_loss": [
    1.6158565888086955,
    1.491978529548645,
    1.4681671857833862,
    1.4239184832890828,
    1.3198587406158446,
    1.2443318578720093,
    1.228355967203776,
    1.2189442778905233,
    1.2146841847101848,
    1.2108172129948933
  ],
  "train_acc": [
    0.3164,
    0.3582875,
    0.37764166666666665,
    0.40954583333333333,
    0.4731208333333333,
    0.5072625,
    0.5136666666666667,
    0.51645,
    0.5177708333333333,
    0.5194166666666666
  ],
  "train_carry_acc": [
    0.5372083333333333,
    0.6146,
    0.65495,
    0.7171416666666667,
    0.8436416666666666,
    0.9126,
    0.92385,
    0.9315333333333333,
    0.9329333333333333,
    0.9359833333333333
  ],
  "train_digit_acc": [
    0.09559166666666667,
    0.101975,
    0.10033333333333333,
    0.10195,
    0.1026,
    0.101925,
    0.10348333333333333,
    0.10136666666666666,
    0.10260833333333333,
    0.10285
  ],
  "val_loss": [
    1.4834115055720012,
    1.4684627545674642,
    1.441459562555949,
    1.3584683876037598,
    1.1975944414138795,
    1.1815163968404134,
    1.1747523436864218,
    1.1679597623825073,
    1.1662785821914672,
    1.1669409159342448
  ],
  "val_acc": [
    0.36678333333333335,
    0.3776333333333333,
    0.40055,
    0.44803333333333334,
    0.53395,
    0.5408333333333334,
    0.5436833333333333,
    0.5465,
    0.5463166666666667,
    0.5444666666666667
  ],
  "val_carry_acc": [
    0.6279,
    0.6509,
    0.6932333333333334,
    0.7921333333333334,
    0.9654,
    0.9783,
    0.9838333333333333,
    0.9868,
    0.9875333333333334,
    0.9853333333333333
  ],
  "val_digit_acc": [
    0.10566666666666667,
    0.10436666666666666,
    0.10786666666666667,
    0.10393333333333334,
    0.1025,
    0.10336666666666666,
    0.10353333333333334,
    0.1062,
    0.1051,
    0.1036
  ]
}