{
  "train_loss": [
    1.5854675957361857,
    1.417864554087321,
    1.0772052024523417,
    0.28815591121117273,
    0.09156274100939432,
    0.040514469547073044,
    0.022287790871659916,
    0.014104681456834078,
    0.015176505787670613,
    0.006496643522630135
  ],
  "train_acc": [
    0.3865416666666667,
    0.4211708333333333,
    0.5805875,
    0.8954875,
    0.9739,
    0.990325,
    0.9949833333333333,
    0.9968833333333333,
    0.9963375,
    0.9987291666666667
  ],
  "train_carry_acc": [
    0.671175,
    0.7110833333333333,
    0.8548,
    0.9848166666666667,
    0.9962166666666666,
    0.9985166666666667,
    0.999175,
    0.9994333333333333,
    0.9990666666666667,
    0.999775
  ],
  "train_digit_acc": [
    0.10190833333333334,
    0.13125833333333334,
    0.306375,
    0.8061583333333333,
    0.9515833333333333,
    0.9821333333333333,
    0.9907916666666666,
    0.9943333333333333,
    0.9936083333333333,
    0.9976833333333334
  ],
  "val_loss": [
    1.4234902481079101,
    1.3741287523269654,
    0.3817646958351135,
    0.04753019417126973,
    0.008057217655579249,
    0.002670640409613649,
    0.0014191607221961022,
    0.0008083831040809552,
    0.000508649260783568,
    0.00024994427064278476
  ],
  "val_acc": [
    0.41558333333333336,
    0.45135,
    0.86055,
    0.9965,
    0.9999666666666667,
    1.0,
    1.0,
    1.0,
    1.0,
    1.0
  ],
  "val_carry_acc": [
    0.7096333333333333,
    0.7463,
    0.9859666666666667,
    0.9999666666666667,
    1.0,
    1.0,
    1.0,
    1.0,
    1.0,
    1.0
  ],
  "val_digit_acc": [
    0.12153333333333333,
    0.1564,
    0.7351333333333333,
    0.9930333333333333,
    0.9999333333333333,
    1.0,
    1.0,
    1.0,
    1.0,
    1.0
  ]
}