{
  "train_loss": [
    0.5791742452303569,
    0.14054621283014615,
    0.05737520039615532,
    0.04063205441609025,
    0.018792162208010752,
    0.035536334003383914,
    0.024578317762042085,
    0.01458003639803889,
    0.019781584977529323,
    0.009720051004613438
  ],
  "train_acc": [
    0.78245,
    0.9513479166666666,
    0.9827197916666667,
    0.9876489583333333,
    0.994528125,
    0.9897458333333333,
    0.9928645833333334,
    0.9957916666666666,
    0.9942822916666667,
    0.9972375
  ],
  "train_carry_acc": [
    0.9005416666666667,
    0.9933666666666666,
    0.992825,
    0.9943666666666666,
    0.9983666666666666,
    0.995575,
    0.9979166666666667,
    0.9984416666666667,
    0.9977666666666667,
    0.9992416666666667
  ],
  "train_digit_acc": [
    0.14205,
    0.7717166666666667,
    0.9634166666666667,
    0.9751166666666666,
    0.9865166666666667,
    0.9810666666666666,
    0.9883416666666667,
    0.9911,
    0.9899583333333334,
    0.993275
  ],
  "val_loss": [
    0.23793312628269195,
    0.03741865363394221,
    0.028403884000579516,
    0.0006295290475711227,
    0.0014076800807922459,
    0.0022774832042865454,
    0.00038214039716403934,
    9.008166336958918e-05,
    0.000403370809291179,
    0.009815321755459688
  ],
  "val_acc": [
    0.905025,
    0.9883333333333333,
    0.9936791666666667,
    0.9998291666666667,
    0.999625,
    0.99935,
    0.999975,
    1.0,
    0.9999708333333334,
    0.9967333333333334
  ],
  "val_carry_acc": [
    0.9984,
    1.0,
    0.9996333333333334,
    1.0,
    1.0,
    1.0,
    1.0,
    1.0,
    1.0,
    1.0
  ],
  "val_digit_acc": [
    0.37933333333333336,
    0.9982333333333333,
    0.9868666666666667,
    0.9999,
    0.9989333333333333,
    0.9986,
    1.0,
    1.0,
    1.0,
    0.9983666666666666
  ]
}