{
  "train_loss": [
    1.4874816273371378,
    1.4303277061462403,
    1.4119868129094442,
    1.3849685785929362,
    1.3427618344624836,
    1.2951227155049643,
    1.1955630477587382,
    0.778328196589152,
    0.3491119054079056,
    0.21870522790352503
  ],
  "train_acc": [
    0.391475,
    0.4073,
    0.4189833333333333,
    0.4368,
    0.4579625,
    0.47994583333333335,
    0.5265083333333334,
    0.715675,
    0.8839916666666666,
    0.9314166666666667
  ],
  "train_carry_acc": [
    0.674775,
    0.6914083333333333,
    0.7004333333333334,
    0.7220083333333334,
    0.7466166666666667,
    0.7691,
    0.8048166666666666,
    0.884125,
    0.949875,
    0.9697166666666667
  ],
  "train_digit_acc": [
    0.108175,
    0.12319166666666667,
    0.13753333333333334,
    0.15159166666666668,
    0.16930833333333334,
    0.19079166666666666,
    0.2482,
    0.547225,
    0.8181083333333333,
    0.8931166666666667
  ],
  "val_loss": [
    1.426767958132426,
    1.413292997932434,
    1.4119671703974406,
    1.3554736876805624,
    1.2783651374816896,
    1.1919336561203002,
    0.8598364750862122,
    0.19664389266173044,
    0.06090874726176262,
    0.016672855356832345
  ],
  "val_acc": [
    0.40755,
    0.41636666666666666,
    0.42051666666666665,
    0.4489166666666667,
    0.4817,
    0.5190166666666667,
    0.67755,
    0.9416333333333333,
    0.9769333333333333,
    0.9975
  ],
  "val_carry_acc": [
    0.6934666666666667,
    0.7006333333333333,
    0.6971666666666667,
    0.7354,
    0.7694666666666666,
    0.8061,
    0.8786,
    0.9790333333333333,
    0.9949,
    0.9982666666666666
  ],
  "val_digit_acc": [
    0.12163333333333333,
    0.1321,
    0.14386666666666667,
    0.16243333333333335,
    0.19393333333333335,
    0.23193333333333332,
    0.4765,
    0.9042333333333333,
    0.9589666666666666,
    0.9967333333333334
  ]
}