{
  "train_loss": [
    1.0750129992485047,
    0.09401124214579662,
    0.03908253899216652,
    0.031179107327386737,
    0.01874752810910965,
    0.019163439688148598,
    0.01927153909782258,
    0.009376548440397406,
    0.014113403190330913,
    0.007354260620226463
  ],
  "train_acc": [
    0.5708666666666666,
    0.969925,
    0.9872458333333334,
    0.9903583333333333,
    0.9943083333333333,
    0.9939083333333333,
    0.995025,
    0.9972875,
    0.9967833333333334,
    0.99785
  ],
  "train_carry_acc": [
    0.8221416666666667,
    0.9950166666666667,
    0.9978083333333333,
    0.998325,
    0.9992,
    0.998825,
    0.9987583333333333,
    0.9992166666666666,
    0.998975,
    0.999475
  ],
  "train_digit_acc": [
    0.31959166666666666,
    0.9448333333333333,
    0.9766833333333333,
    0.9823916666666667,
    0.9894166666666667,
    0.9889916666666667,
    0.9912916666666667,
    0.9953583333333333,
    0.9945916666666667,
    0.996225
  ],
  "val_loss": [
    0.08021899266242981,
    0.006030907246346275,
    0.0014461234027519823,
    0.0009131444884774585,
    0.0005122195027923832,
    0.0003787577367154881,
    0.0001732511893690874,
    4.8421549277069665e-05,
    6.275010961107909e-05,
    0.00037254951217910275
  ],
  "val_acc": [
    0.9910666666666667,
    0.9996333333333334,
    1.0,
    1.0,
    1.0,
    0.9999666666666667,
    1.0,
    1.0,
    1.0,
    0.99995
  ],
  "val_carry_acc": [
    0.9986666666666667,
    1.0,
    1.0,
    1.0,
    1.0,
    1.0,
    1.0,
    1.0,
    1.0,
    0.9999
  ],
  "val_digit_acc": [
    0.9834666666666667,
    0.9992666666666666,
    1.0,
    1.0,
    1.0,
    0.9999333333333333,
    1.0,
    1.0,
    1.0,
    1.0
  ]
}