{
  "train_loss": [
    1.5049806595484416,
    1.365949760945638,
    1.2982235319773356,
    1.2562810869216918,
    1.2303580402374268,
    1.213761383374532,
    1.2005731086730957,
    1.1937073373158773,
    1.1881934958775837,
    1.1848221645991008
  ],
  "train_acc": [
    0.3703875,
    0.4572541666666667,
    0.49475,
    0.5140916666666666,
    0.524375,
    0.5300416666666666,
    0.5346458333333334,
    0.536925,
    0.5382458333333333,
    0.538775
  ],
  "train_carry_acc": [
    0.6339916666666666,
    0.804025,
    0.87945,
    0.9206166666666666,
    0.9422833333333334,
    0.9561833333333334,
    0.9661916666666667,
    0.970425,
    0.9743416666666667,
    0.9769166666666667
  ],
  "train_digit_acc": [
    0.10678333333333333,
    0.11048333333333334,
    0.11005,
    0.10756666666666667,
    0.10646666666666667,
    0.1039,
    0.1031,
    0.103425,
    0.10215,
    0.10063333333333334
  ],
  "val_loss": [
    1.4043636364618937,
    1.2789441466649374,
    1.2350440265019735,
    1.1989258000691732,
    1.1854064924875896,
    1.1694541130065919,
    1.1668698673884075,
    1.1580906648000082,
    1.1626270729700725,
    1.1547915496190388
  ],
  "val_acc": [
    0.42738333333333334,
    0.5003666666666666,
    0.5175166666666666,
    0.5324833333333333,
    0.5366166666666666,
    0.54655,
    0.5495166666666667,
    0.5534166666666667,
    0.5466666666666666,
    0.5519666666666667
  ],
  "val_carry_acc": [
    0.7371,
    0.8933666666666666,
    0.9263,
    0.9551666666666667,
    0.9682666666666667,
    0.9891,
    0.9954333333333333,
    0.9994666666666666,
    0.9903666666666666,
    1.0
  ],
  "val_digit_acc": [
    0.11766666666666667,
    0.10736666666666667,
    0.10873333333333333,
    0.1098,
    0.10496666666666667,
    0.104,
    0.1036,
    0.10736666666666667,
    0.10296666666666666,
    0.10393333333333334
  ]
}