{
  "train_loss": [
    1.4913031668980916,
    1.0191854351997376,
    0.6164418638706207,
    0.399835005791982,
    0.24612736995220183,
    0.14600687961181005,
    0.09243751394748688,
    0.06520200104117393,
    0.0495331219047308,
    0.03949488774736722
  ],
  "train_acc": [
    0.4184,
    0.5950833333333333,
    0.7571166666666667,
    0.8528833333333333,
    0.91895,
    0.9551625,
    0.9734875,
    0.9813416666666667,
    0.9860375,
    0.9884375
  ],
  "train_carry_acc": [
    0.7151916666666667,
    0.8496,
    0.9287833333333333,
    0.960025,
    0.9743416666666667,
    0.9835,
    0.9889666666666667,
    0.9919583333333334,
    0.9937416666666666,
    0.99515
  ],
  "train_digit_acc": [
    0.12160833333333333,
    0.3405666666666667,
    0.58545,
    0.7457416666666666,
    0.8635583333333333,
    0.926825,
    0.9580083333333334,
    0.970725,
    0.9783333333333334,
    0.981725
  ],
  "val_loss": [
    1.2311575107574464,
    0.5163383269627889,
    0.27174410770734153,
    0.12769451902310053,
    0.04166559475064278,
    0.017139520580569903,
    0.005615368587026994,
    0.004372385872403781,
    0.0024677283428609373,
    0.0008500307468697429
  ],
  "val_acc": [
    0.5295,
    0.8201666666666667,
    0.9353166666666667,
    0.98105,
    0.9990833333333333,
    0.9997166666666667,
    1.0,
    0.9999333333333333,
    0.9999833333333333,
    1.0
  ],
  "val_carry_acc": [
    0.8353,
    0.9595333333333333,
    0.9904333333333334,
    0.9949666666666667,
    0.9993666666666666,
    0.9998,
    1.0,
    0.9999666666666667,
    0.9999666666666667,
    1.0
  ],
  "val_digit_acc": [
    0.2237,
    0.6808,
    0.8802,
    0.9671333333333333,
    0.9988,
    0.9996333333333334,
    1.0,
    0.9999,
    1.0,
    1.0
  ]
}