{
  "train_loss": [
    1.3815993744532267,
    0.8848053246339163,
    0.30345352296034495,
    0.10594263479709626,
    0.047698922242720924,
    0.027933778311312198,
    0.018881807972987493,
    0.013262246867269277,
    0.0105117813428243,
    0.009237179711957772
  ],
  "train_acc": [
    0.47512916666666666,
    0.6575791666666667,
    0.8966166666666666,
    0.968075,
    0.9871375,
    0.9926916666666666,
    0.9951125,
    0.996675,
    0.9972333333333333,
    0.9975541666666666
  ],
  "train_carry_acc": [
    0.8425333333333334,
    0.9593833333333334,
    0.9858666666666667,
    0.9942166666666666,
    0.9972916666666667,
    0.9983916666666667,
    0.9986666666666667,
    0.9989,
    0.9992333333333333,
    0.9991666666666666
  ],
  "train_digit_acc": [
    0.107725,
    0.355775,
    0.8073666666666667,
    0.9419333333333333,
    0.9769833333333333,
    0.9869916666666667,
    0.9915583333333333,
    0.99445,
    0.9952333333333333,
    0.9959416666666666
  ],
  "val_loss": [
    1.1777204889297486,
    0.34138252474466957,
    0.04891241757671038,
    0.008444727994501591,
    0.0024768506915618977,
    0.0013184227822969356,
    0.0005692048049531877,
    0.00043714205130624274,
    0.00026465032235719265,
    0.0004820264687761664
  ],
  "val_acc": [
    0.5652,
    0.9161833333333333,
    0.9992,
    0.9999833333333333,
    1.0,
    1.0,
    1.0,
    1.0,
    1.0,
    1.0
  ],
  "val_carry_acc": [
    0.9709333333333333,
    0.9966666666666667,
    0.9999666666666667,
    1.0,
    1.0,
    1.0,
    1.0,
    1.0,
    1.0,
    1.0
  ],
  "val_digit_acc": [
    0.15946666666666667,
    0.8357,
    0.9984333333333333,
    0.9999666666666667,
    1.0,
    1.0,
    1.0,
    1.0,
    1.0,
    1.0
  ]
}