{
  "train_loss": [
    1.5757074631373087,
    1.4284508498509725,
    1.341347904586792,
    1.2941961619695028,
    1.2682450722376506,
    1.2469766358693442,
    1.2286550764719646,
    1.212582860883077,
    1.1873876471201579,
    1.076351235103607
  ],
  "train_acc": [
    0.3559333333333333,
    0.4136708333333333,
    0.4684125,
    0.4926041666666667,
    0.504875,
    0.5150291666666666,
    0.5240208333333334,
    0.533225,
    0.5470666666666667,
    0.5904333333333334
  ],
  "train_carry_acc": [
    0.6129916666666667,
    0.7261,
    0.8338916666666667,
    0.8794583333333333,
    0.902625,
    0.9216333333333333,
    0.9367,
    0.9477083333333334,
    0.9559,
    0.9546833333333333
  ],
  "train_digit_acc": [
    0.098875,
    0.10124166666666666,
    0.10293333333333334,
    0.10575,
    0.107125,
    0.108425,
    0.11134166666666667,
    0.11874166666666666,
    0.13823333333333335,
    0.22618333333333332
  ],
  "val_loss": [
    1.459045569229126,
    1.353574003728231,
    1.2611391061782837,
    1.235605690129598,
    1.2144883900324503,
    1.19561686668396,
    1.1768876221338909,
    1.1666453777313233,
    1.098868939781189,
    0.7993132179260254
  ],
  "val_acc": [
    0.3891,
    0.46221666666666666,
    0.50895,
    0.5202833333333333,
    0.5274333333333333,
    0.5392166666666667,
    0.5481333333333334,
    0.5555333333333333,
    0.5825333333333333,
    0.6887833333333333
  ],
  "val_carry_acc": [
    0.6693666666666667,
    0.8157333333333333,
    0.9108,
    0.9313,
    0.9496,
    0.9652,
    0.9780333333333333,
    0.9761333333333333,
    0.9804666666666667,
    0.9801
  ],
  "val_digit_acc": [
    0.10883333333333334,
    0.1087,
    0.1071,
    0.10926666666666666,
    0.10526666666666666,
    0.11323333333333334,
    0.11823333333333333,
    0.13493333333333332,
    0.1846,
    0.3974666666666667
  ]
}