{
  "train_loss": [
    1.2871853434880574,
    1.1680760117530822,
    0.6754031890710195,
    0.45919897383848823,
    0.42578067824840543,
    0.4133463009516398,
    0.4124821562051773,
    0.40584112298488617,
    0.4021086401303609,
    0.4019040199756622
  ],
  "train_acc": [
    0.49470416666666667,
    0.548025,
    0.7433541666666666,
    0.8261625,
    0.8371,
    0.8402375,
    0.8413208333333333,
    0.8429208333333333,
    0.8442541666666666,
    0.8443625
  ],
  "train_carry_acc": [
    0.8900583333333333,
    0.9822916666666667,
    0.9875166666666667,
    0.9922166666666666,
    0.9939666666666667,
    0.995275,
    0.9956666666666667,
    0.9966083333333333,
    0.9970583333333334,
    0.997575
  ],
  "train_digit_acc": [
    0.09935,
    0.11375833333333334,
    0.49919166666666664,
    0.6601083333333333,
    0.6802333333333334,
    0.6852,
    0.686975,
    0.6892333333333334,
    0.69145,
    0.69115
  ],
  "val_loss": [
    1.161692727724711,
    0.9566783452351888,
    0.4217286718527476,
    0.3878832801183065,
    0.388481561644872,
    0.3920832715193431,
    0.38767678853670756,
    0.3850028118610382,
    0.38527235749562583,
    0.38493331853548685
  ],
  "val_acc": [
    0.5475333333333333,
    0.6422666666666667,
    0.84295,
    0.8500166666666666,
    0.8499833333333333,
    0.84825,
    0.85045,
    0.8505833333333334,
    0.8498666666666667,
    0.8497333333333333
  ],
  "val_carry_acc": [
    0.9953333333333333,
    0.9995333333333334,
    0.9997333333333334,
    1.0,
    0.9999666666666667,
    1.0,
    1.0,
    0.9999,
    0.9999666666666667,
    1.0
  ],
  "val_digit_acc": [
    0.09973333333333333,
    0.285,
    0.6861666666666667,
    0.7000333333333333,
    0.7,
    0.6965,
    0.7009,
    0.7012666666666667,
    0.6997666666666666,
    0.6994666666666667
  ]
}