{
  "train_loss": [
    1.5859973938624063,
    1.432226197052002,
    1.1409891456604004,
    0.48343978823026024,
    0.26456441112359363,
    0.13458969742457072,
    0.07883457281589508,
    0.051034774487217265,
    0.037082124908765154,
    0.028912950346867243
  ],
  "train_acc": [
    0.3813875,
    0.4102166666666667,
    0.5539083333333333,
    0.8154375,
    0.9136541666666667,
    0.9601375,
    0.9776916666666666,
    0.9860125,
    0.990075,
    0.992075
  ],
  "train_carry_acc": [
    0.6666416666666667,
    0.7044666666666667,
    0.8506666666666667,
    0.968675,
    0.9864083333333333,
    0.9935083333333333,
    0.99535,
    0.9968083333333333,
    0.9976583333333333,
    0.9979583333333333
  ],
  "train_digit_acc": [
    0.09613333333333333,
    0.11596666666666666,
    0.25715,
    0.6622,
    0.8409,
    0.9267666666666666,
    0.9600333333333333,
    0.9752166666666666,
    0.9824916666666667,
    0.9861916666666667
  ],
  "val_loss": [
    1.433952547009786,
    1.4108020483016968,
    0.4671184417883555,
    0.15709778092702228,
    0.04859182705481847,
    0.016243612054983776,
    0.005828493830064932,
    0.0031239868650833765,
    0.001462099222280085,
    0.0010980945902255674
  ],
  "val_acc": [
    0.4060666666666667,
    0.42433333333333334,
    0.8316666666666667,
    0.9704666666666667,
    0.9960666666666667,
    0.9988833333333333,
    0.9999333333333333,
    1.0,
    1.0,
    1.0
  ],
  "val_carry_acc": [
    0.7003666666666667,
    0.7172333333333333,
    0.9715666666666667,
    0.9971,
    1.0,
    1.0,
    1.0,
    1.0,
    1.0,
    1.0
  ],
  "val_digit_acc": [
    0.11176666666666667,
    0.13143333333333335,
    0.6917666666666666,
    0.9438333333333333,
    0.9921333333333333,
    0.9977666666666667,
    0.9998666666666667,
    1.0,
    1.0,
    1.0
  ]
}