{
  "train_loss": [
    0.7557311862746875,
    0.09492894566704829,
    0.03982753963135183,
    0.02650913290294508,
    0.019036926438411077,
    0.016585271766611065,
    0.013528514393884689,
    0.012056814598618076,
    0.00991097126864673,
    0.009793374744841519
  ],
  "train_acc": [
    0.7046875,
    0.9676416666666666,
    0.9867416666666666,
    0.9910166666666667,
    0.9935875,
    0.9942541666666667,
    0.9955,
    0.99595,
    0.9967375,
    0.9967916666666666
  ],
  "train_carry_acc": [
    0.9144583333333334,
    0.9917666666666667,
    0.9955083333333333,
    0.9970333333333333,
    0.997975,
    0.9982,
    0.9987083333333333,
    0.99875,
    0.9990666666666667,
    0.99895
  ],
  "train_digit_acc": [
    0.49491666666666667,
    0.9435166666666667,
    0.977975,
    0.985,
    0.9892,
    0.9903083333333333,
    0.9922916666666667,
    0.99315,
    0.9944083333333333,
    0.9946333333333334
  ],
  "val_loss": [
    0.0629204994638761,
    0.0032950960328181583,
    0.0012989871484848361,
    0.0007152836912001173,
    0.0003458890497374038,
    0.00012195243905298411,
    0.0002023428673390299,
    6.499620469694491e-05,
    0.0006827841910611218,
    4.8852175468346104e-05
  ],
  "val_acc": [
    0.9915166666666667,
    1.0,
    0.99995,
    0.9999666666666667,
    1.0,
    1.0,
    1.0,
    1.0,
    0.9999666666666667,
    1.0
  ],
  "val_carry_acc": [
    0.9991,
    1.0,
    1.0,
    1.0,
    1.0,
    1.0,
    1.0,
    1.0,
    1.0,
    1.0
  ],
  "val_digit_acc": [
    0.9839333333333333,
    1.0,
    0.9999,
    0.9999333333333333,
    1.0,
    1.0,
    1.0,
    1.0,
    0.9999333333333333,
    1.0
  ]
}