{
  "train_loss": [
    1.6860473773320517,
    1.4676270104090372,
    1.4562485600789388,
    1.4521314444859823,
    1.4475405120213827,
    1.46222208665212,
    1.4479206246058147,
    1.4390740460077922,
    1.4351244910558065,
    1.431330811882019
  ],
  "train_acc": [
    0.35894166666666666,
    0.38284583333333333,
    0.3894125,
    0.3919125,
    0.39539583333333334,
    0.39576666666666666,
    0.3960708333333333,
    0.4008375,
    0.40444166666666664,
    0.40575833333333333
  ],
  "train_carry_acc": [
    0.6294166666666666,
    0.6657583333333333,
    0.6732833333333333,
    0.6737666666666666,
    0.67685,
    0.6757583333333333,
    0.6742666666666667,
    0.6791083333333333,
    0.6821333333333334,
    0.6819666666666667
  ],
  "train_digit_acc": [
    0.08846666666666667,
    0.09993333333333333,
    0.10554166666666667,
    0.11005833333333333,
    0.11394166666666666,
    0.115775,
    0.117875,
    0.12256666666666667,
    0.12675,
    0.12955
  ],
  "val_loss": [
    1.4604655698776245,
    1.4448846473058066,
    1.443896529706319,
    1.4380855215072632,
    1.4332272979100544,
    1.4787061173756917,
    1.4276674719492595,
    1.4225923495610555,
    1.4172065840403238,
    1.4125334046681721
  ],
  "val_acc": [
    0.38763333333333333,
    0.39598333333333335,
    0.3968333333333333,
    0.39965,
    0.40441666666666665,
    0.3912,
    0.4084,
    0.4122,
    0.41728333333333334,
    0.4194
  ],
  "val_carry_acc": [
    0.6730333333333334,
    0.6811333333333334,
    0.6779333333333334,
    0.6853333333333333,
    0.6918,
    0.6653,
    0.6898333333333333,
    0.6926333333333333,
    0.6959666666666666,
    0.6984
  ],
  "val_digit_acc": [
    0.10223333333333333,
    0.11083333333333334,
    0.11573333333333333,
    0.11396666666666666,
    0.11703333333333334,
    0.1171,
    0.12696666666666667,
    0.13176666666666667,
    0.1386,
    0.1404
  ]
}