{
  "train_loss": [
    0.7993045494834582,
    0.07998342049221198,
    0.03720962856070449,
    0.02771615951123337,
    0.02191015569368998,
    0.018988870531506837,
    0.015380545406912765,
    0.01394172368790799,
    0.01203630555482426,
    0.01202848030764144
  ],
  "train_acc": [
    0.69035,
    0.9724916666666666,
    0.9874125,
    0.990775,
    0.99275,
    0.9938625,
    0.9949333333333333,
    0.9954791666666667,
    0.9962666666666666,
    0.9962333333333333
  ],
  "train_carry_acc": [
    0.9255916666666667,
    0.993325,
    0.9963583333333333,
    0.9972333333333333,
    0.9977583333333333,
    0.9981166666666667,
    0.9984166666666666,
    0.9986333333333334,
    0.9989083333333333,
    0.9990583333333334
  ],
  "train_digit_acc": [
    0.45510833333333334,
    0.9516583333333334,
    0.9784666666666667,
    0.9843166666666666,
    0.9877416666666666,
    0.9896083333333333,
    0.99145,
    0.992325,
    0.993625,
    0.9934083333333333
  ],
  "val_loss": [
    0.028940254617730775,
    0.0037232376610239347,
    0.004849322679452598,
    0.0014165463975941142,
    0.013467544018477202,
    0.00010775201675714925,
    9.134205010486766e-05,
    0.0008153615484169374,
    0.0019459611648819798,
    0.00011805332354269921
  ],
  "val_acc": [
    0.9953833333333333,
    0.99945,
    0.9986833333333334,
    0.9999666666666667,
    0.9948,
    1.0,
    1.0,
    0.9998166666666667,
    0.9991666666666666,
    1.0
  ],
  "val_carry_acc": [
    0.9954,
    0.9996,
    0.9998,
    1.0,
    0.9998333333333334,
    1.0,
    1.0,
    0.9999666666666667,
    1.0,
    1.0
  ],
  "val_digit_acc": [
    0.9953666666666666,
    0.9993,
    0.9975666666666667,
    0.9999333333333333,
    0.9897666666666667,
    1.0,
    1.0,
    0.9996666666666667,
    0.9983333333333333,
    1.0
  ]
}