{
  "train_loss": [
    1.5869624534606934,
    1.3889946313858033,
    0.9292945878982544,
    0.22494902428984642,
    0.11150437450508277,
    0.01345536295697093,
    0.007080522782852252,
    0.05498900048434734,
    0.004280310103918115,
    0.0028574477358721197
  ],
  "train_acc": [
    0.3854375,
    0.44050833333333334,
    0.6470125,
    0.9093916666666667,
    0.9709416666666667,
    0.9978041666666667,
    0.9987791666666667,
    0.9851875,
    0.9993541666666667,
    0.9995625
  ],
  "train_carry_acc": [
    0.6705333333333333,
    0.718775,
    0.861925,
    0.9815333333333334,
    0.9829083333333334,
    0.99865,
    0.99925,
    0.9925416666666667,
    0.9995583333333333,
    0.9996833333333334
  ],
  "train_digit_acc": [
    0.10034166666666666,
    0.16224166666666667,
    0.4321,
    0.83725,
    0.958975,
    0.9969583333333333,
    0.9983083333333334,
    0.9778333333333333,
    0.99915,
    0.9994416666666667
  ],
  "val_loss": [
    1.4203638922373454,
    1.1788559966405232,
    0.4604621027469635,
    0.012372658078372479,
    0.0018850875797991951,
    0.00043424844945160054,
    0.0002073959873135512,
    0.00027520851207276184,
    0.00011981327139073982,
    7.24587243477193e-05
  ],
  "val_acc": [
    0.41796666666666665,
    0.5654166666666667,
    0.80885,
    0.99975,
    1.0,
    1.0,
    1.0,
    1.0,
    1.0,
    1.0
  ],
  "val_carry_acc": [
    0.7065,
    0.8099,
    0.9735,
    0.9997666666666667,
    1.0,
    1.0,
    1.0,
    1.0,
    1.0,
    1.0
  ],
  "val_digit_acc": [
    0.12943333333333334,
    0.32093333333333335,
    0.6442,
    0.9997333333333334,
    1.0,
    1.0,
    1.0,
    1.0,
    1.0,
    1.0
  ]
}