{
  "train_loss": [
    1.3346217856725058,
    0.17149209313417474,
    0.08127828971991936,
    0.02636129968925379,
    0.035877243295738784,
    0.03472825719709508,
    0.05411752124014311,
    0.018847896550324126,
    0.15700188210955046,
    0.011354906683399653
  ],
  "train_acc": [
    0.4641125,
    0.9392291666666667,
    0.9764,
    0.9930375,
    0.99005,
    0.9907333333333334,
    0.985025,
    0.9949791666666666,
    0.9517458333333333,
    0.9974125
  ],
  "train_carry_acc": [
    0.7386083333333333,
    0.9863166666666666,
    0.990125,
    0.9965416666666667,
    0.9956083333333333,
    0.9952416666666667,
    0.9930833333333333,
    0.997225,
    0.9756083333333333,
    0.9985333333333334
  ],
  "train_digit_acc": [
    0.18961666666666666,
    0.8921416666666667,
    0.962675,
    0.9895333333333334,
    0.9844916666666667,
    0.986225,
    0.9769666666666666,
    0.9927333333333334,
    0.9278833333333333,
    0.9962916666666667
  ],
  "val_loss": [
    0.8126801988919576,
    0.0006939815011806786,
    0.00018692455937465032,
    0.35387629659970604,
    0.020268042048811913,
    0.0001110105050339674,
    9.917012298246846e-05,
    0.0001094020403882799,
    0.004899024997279048,
    0.00016859878932591529
  ],
  "val_acc": [
    0.6981833333333334,
    0.9999833333333333,
    1.0,
    0.8934,
    0.9948166666666667,
    1.0,
    1.0,
    1.0,
    0.9988,
    1.0
  ],
  "val_carry_acc": [
    0.9297333333333333,
    1.0,
    1.0,
    0.9506333333333333,
    0.9961666666666666,
    1.0,
    1.0,
    1.0,
    0.9993666666666666,
    1.0
  ],
  "val_digit_acc": [
    0.46663333333333334,
    0.9999666666666667,
    1.0,
    0.8361666666666666,
    0.9934666666666667,
    1.0,
    1.0,
    1.0,
    0.9982333333333333,
    1.0
  ]
}