{
  "train_loss": [
    1.3489125790278116,
    1.1927955615361532,
    0.8954348344484965,
    0.4550635618130366,
    0.18462073707580567,
    0.09244715145826339,
    0.05706004338264465,
    0.04060958997408549,
    0.030711206326882044,
    0.024790472848216692
  ],
  "train_acc": [
    0.4978708333333333,
    0.5399875,
    0.6504458333333333,
    0.8199166666666666,
    0.9338,
    0.9695166666666667,
    0.9819375,
    0.987425,
    0.9902958333333334,
    0.9924416666666667
  ],
  "train_carry_acc": [
    0.8981083333333333,
    0.9695583333333333,
    0.9777833333333333,
    0.9865083333333333,
    0.9927916666666666,
    0.9953916666666667,
    0.9965916666666667,
    0.9975,
    0.9980333333333333,
    0.998325
  ],
  "train_digit_acc": [
    0.09763333333333334,
    0.11041666666666666,
    0.32310833333333333,
    0.653325,
    0.8748083333333333,
    0.9436416666666667,
    0.9672833333333334,
    0.97735,
    0.9825583333333333,
    0.9865583333333333
  ],
  "val_loss": [
    1.181301234372457,
    1.143316359202067,
    0.43573714990615847,
    0.11054563369750976,
    0.01834991141955058,
    0.00626415333673358,
    0.003410221519569556,
    0.001339835724979639,
    0.0008386757276641826,
    0.0006206562486166756
  ],
  "val_acc": [
    0.5420833333333334,
    0.57005,
    0.8801666666666667,
    0.9853,
    0.99965,
    0.9999666666666667,
    1.0,
    1.0,
    1.0,
    1.0
  ],
  "val_carry_acc": [
    0.9822333333333333,
    0.9938333333333333,
    0.9989333333333333,
    0.9997,
    1.0,
    1.0,
    1.0,
    1.0,
    1.0,
    1.0
  ],
  "val_digit_acc": [
    0.10193333333333333,
    0.14626666666666666,
    0.7614,
    0.9709,
    0.9993,
    0.9999333333333333,
    1.0,
    1.0,
    1.0,
    1.0
  ]
}