{
  "train_loss": [
    1.3303506265004477,
    0.9881608154296875,
    0.40046268063783647,
    0.1609001491467158,
    0.07579015795389811,
    0.049117251104364795,
    0.03637879331347843,
    0.02922717462287595,
    0.0247453641762957,
    0.02003882040468355
  ],
  "train_acc": [
    0.4775,
    0.6266833333333334,
    0.8462583333333333,
    0.9467,
    0.9753333333333334,
    0.9843666666666666,
    0.9883958333333334,
    0.9903125,
    0.9916875,
    0.9932458333333334
  ],
  "train_carry_acc": [
    0.8486416666666666,
    0.9793,
    0.9887833333333333,
    0.9922333333333333,
    0.9933833333333333,
    0.994425,
    0.99515,
    0.9951333333333333,
    0.995425,
    0.9958416666666666
  ],
  "train_digit_acc": [
    0.10635833333333333,
    0.2740666666666667,
    0.7037333333333333,
    0.9011666666666667,
    0.9572833333333334,
    0.9743083333333333,
    0.9816416666666666,
    0.9854916666666667,
    0.98795,
    0.99065
  ],
  "val_loss": [
    1.1363660312016806,
    0.7404974319140116,
    0.06543405046065648,
    0.007541628002623717,
    0.001874855659653743,
    0.0007640004031981031,
    0.0004298458678803096,
    0.00022830221549763034,
    0.00029616608183520533,
    0.00010687708306359127
  ],
  "val_acc": [
    0.5633666666666667,
    0.7377666666666667,
    0.9977833333333334,
    0.9999666666666667,
    1.0,
    1.0,
    1.0,
    1.0,
    1.0,
    1.0
  ],
  "val_carry_acc": [
    0.9823333333333333,
    0.9987,
    1.0,
    1.0,
    1.0,
    1.0,
    1.0,
    1.0,
    1.0,
    1.0
  ],
  "val_digit_acc": [
    0.1444,
    0.47683333333333333,
    0.9955666666666667,
    0.9999333333333333,
    1.0,
    1.0,
    1.0,
    1.0,
    1.0,
    1.0
  ]
}