{
  "train_loss": [
    1.5314109664916993,
    0.8428508286158244,
    0.7817865530649821,
    0.7358388017018636,
    0.6338290402094523,
    0.49113785524368286,
    0.4121891144593557,
    0.3180402266263962,
    0.1749427663008372,
    0.1213164599865675
  ],
  "train_acc": [
    0.4922064814814815,
    0.6733509259259259,
    0.6871157407407408,
    0.7053592592592592,
    0.7436259259259259,
    0.8025129629629629,
    0.8402046296296296,
    0.8818861111111111,
    0.939400925925926,
    0.9622027777777777
  ],
  "train_carry_acc": [
    0.466175,
    0.6372083333333334,
    0.65175,
    0.66165,
    0.6952083333333333,
    0.7668333333333334,
    0.8288833333333333,
    0.8860416666666666,
    0.9295416666666667,
    0.9516
  ],
  "train_digit_acc": [
    0.0466,
    0.09334166666666667,
    0.09759166666666666,
    0.09825833333333334,
    0.09863333333333334,
    0.10009166666666666,
    0.10865,
    0.264525,
    0.64045,
    0.8167583333333334
  ],
  "val_loss": [
    0.8352399096488953,
    0.7611231762250265,
    0.7055535605112712,
    0.6710412504514058,
    0.4705718734741211,
    0.37137529385884605,
    0.33748987515767415,
    0.15973022928039232,
    0.11876701798439025,
    0.006048517402385672
  ],
  "val_acc": [
    0.6701407407407407,
    0.6844814814814815,
    0.7036703703703704,
    0.7268925925925926,
    0.8009481481481482,
    0.8505666666666667,
    0.872262962962963,
    0.9434518518518519,
    0.9621925925925926,
    0.9990074074074075
  ],
  "val_carry_acc": [
    0.6396333333333334,
    0.6524,
    0.6654666666666667,
    0.6931333333333334,
    0.7705666666666666,
    0.8069,
    0.9024333333333333,
    0.9293666666666667,
    0.953,
    0.9939333333333333
  ],
  "val_digit_acc": [
    0.0993,
    0.1042,
    0.1045,
    0.10053333333333334,
    0.10373333333333333,
    0.10476666666666666,
    0.1711,
    0.6512666666666667,
    0.8040333333333334,
    0.9977
  ]
}