{
  "train_loss": [
    1.5315274490992228,
    1.326351910718282,
    1.2514280104319255,
    0.9127782165209453,
    0.48164627197583515,
    0.26896358074347176,
    0.1588231867233912,
    0.10261543970108032,
    0.07083862151503563,
    0.052014421582221984
  ],
  "train_acc": [
    0.3901625,
    0.47787083333333336,
    0.5176833333333334,
    0.6335458333333334,
    0.817525,
    0.913675,
    0.9534958333333333,
    0.9713666666666667,
    0.9799958333333333,
    0.9854041666666666
  ],
  "train_carry_acc": [
    0.6804833333333333,
    0.84415,
    0.8898333333333334,
    0.9185833333333333,
    0.9542416666666667,
    0.971525,
    0.9793166666666666,
    0.9835333333333334,
    0.986425,
    0.988775
  ],
  "train_digit_acc": [
    0.09984166666666666,
    0.11159166666666667,
    0.14553333333333332,
    0.3485083333333333,
    0.6808083333333333,
    0.855825,
    0.927675,
    0.9592,
    0.9735666666666667,
    0.9820333333333333
  ],
  "val_loss": [
    1.3230816115697226,
    1.2506201354980468,
    1.1094591810862224,
    0.455499090941747,
    0.2026973633448283,
    0.0922124054590861,
    0.036738645299275716,
    0.017448051381111145,
    0.01075339423964421,
    0.006619858935475349
  ],
  "val_acc": [
    0.48315,
    0.5216166666666666,
    0.5818666666666666,
    0.8551666666666666,
    0.9813833333333334,
    0.9897833333333333,
    0.9977666666666667,
    0.99885,
    0.99855,
    0.9991833333333333
  ],
  "val_carry_acc": [
    0.8511333333333333,
    0.9147666666666666,
    0.9265333333333333,
    0.9624,
    0.9936333333333334,
    0.9904333333333334,
    0.9960333333333333,
    0.9977333333333334,
    0.9972333333333333,
    0.9983666666666666
  ],
  "val_digit_acc": [
    0.11516666666666667,
    0.12846666666666667,
    0.2372,
    0.7479333333333333,
    0.9691333333333333,
    0.9891333333333333,
    0.9995,
    0.9999666666666667,
    0.9998666666666667,
    1.0
  ]
}